Year;Country;Genre;ISCED11;Percentage;Employment Rate
2005;AT;F;ED0-2;28.2;64
2005;AT;M;ED0-2;20.7;76.9
2005;BE;F;ED0-2;35.9;58.6
2005;BE;M;ED0-2;36.7;74.3
2005;BG;F;ED0-2;32.7;57.1
2005;BG;M;ED0-2;34.1;66.8
2005;CY;F;ED0-2;36.6;63.8
2005;CY;M;ED0-2;35.8;85.5
2005;CZ;F;ED0-2;19.7;61.3
2005;CZ;M;ED0-2;14;80.1
2005;DE;F;ED0-2;27.3;63.1
2005;DE;M;ED0-2;22.3;75.6
2005;DK;F;ED0-2;26.3;73.7
2005;DK;M;ED0-2;25.1;82.3
2005;EE;F;ED0-2;17.2;69.7
2005;EE;M;ED0-2;22.9;74.6
2005;EL;F;ED0-2;40.1;49.7
2005;EL;M;ED0-2;40;79.3
2005;ES;F;ED0-2;50.6;55.1
2005;ES;M;ED0-2;52.8;79.8
2005;FI;F;ED0-2;24.7;70.8
2005;FI;M;ED0-2;29.2;75.1
2005;FR;F;ED0-2;36.6;63.2
2005;FR;M;ED0-2;34.5;75
2005;HR;F;ED0-2;34.5;52.8
2005;HR;M;ED0-2;23.9;67.3
2005;HU;F;ED0-2;31.1;55.6
2005;HU;M;ED0-2;25.9;69.2
2005;IE;F;ED0-2;34.1;63.7
2005;IE;M;ED0-2;39.9;84.2
2005;IT;F;ED0-2;49.9;48.5
2005;IT;M;ED0-2;51.3;74.8
2005;LT;F;ED0-2;18.9;66.6
2005;LT;M;ED0-2;22.8;75
2005;LU;F;ED0-2;41.7;58.4
2005;LU;M;ED0-2;35.7;79.4
2005;LV;F;ED0-2;21;64.5
2005;LV;M;ED0-2;28.5;74.3
2005;MT;F;ED0-2;72.5;34.8
2005;MT;M;ED0-2;65.3;79.7
2005;NL;F;ED0-2;36.8;64.4
2005;NL;M;ED0-2;32.3;80.9
2005;PL;F;ED0-2;22;51.7
2005;PL;M;ED0-2;21.7;65.1
2005;PT;F;ED0-2;69.8;66
2005;PT;M;ED0-2;75.6;78.7
2005;RO;F;ED0-2;37.2;56.9
2005;RO;M;ED0-2;29.4;70.4
2005;SE;F;ED0-2;19.4;75.2
2005;SE;M;ED0-2;23.2;80.5
2005;SI;F;ED0-2;25.9;66.2
2005;SI;M;ED0-2;22.1;75.8
2005;SK;F;ED0-2;22.1;56.7
2005;SK;M;ED0-2;17.8;72.5
2006;AT;F;ED0-2;29.6;65.2
2006;AT;M;ED0-2;20.3;78.1
2006;BE;F;ED0-2;35;58.8
2006;BE;M;ED0-2;36.4;74
2006;BG;F;ED0-2;30.2;60.4
2006;BG;M;ED0-2;31;69.9
2006;CY;F;ED0-2;33.5;65.9
2006;CY;M;ED0-2;33.6;86.2
2006;CZ;F;ED0-2;19.1;61.8
2006;CZ;M;ED0-2;13.7;80.4
2006;DE;F;ED0-2;26.9;65
2006;DE;M;ED0-2;22.3;77.2
2006;DK;F;ED0-2;26.4;74.8
2006;DK;M;ED0-2;24.4;83.8
2006;EE;F;ED0-2;17.1;72.5
2006;EE;M;ED0-2;24.3;79.5
2006;EL;F;ED0-2;40.1;51.3
2006;EL;M;ED0-2;42.7;79.9
2006;ES;F;ED0-2;49.5;57.1
2006;ES;M;ED0-2;52.2;80.7
2006;FI;F;ED0-2;23.9;71.5
2006;FI;M;ED0-2;28.5;76.3
2006;FR;F;ED0-2;35.8;63.4
2006;FR;M;ED0-2;34.1;74.6
2006;HR;F;ED0-2;32.5;53.6
2006;HR;M;ED0-2;23.9;67.7
2006;HU;F;ED0-2;29.7;55.6
2006;HU;M;ED0-2;24.7;70.1
2006;IE;F;ED0-2;32.4;64.6
2006;IE;M;ED0-2;38.6;84.5
2006;IT;F;ED0-2;48.7;49.6
2006;IT;M;ED0-2;50.4;75.4
2006;LT;F;ED0-2;18.6;68
2006;LT;M;ED0-2;22.8;74.9
2006;LU;F;ED0-2;41.4;59.4
2006;LU;M;ED0-2;37.1;78.9
2006;LV;F;ED0-2;20.5;68.4
2006;LV;M;ED0-2;29.1;78.4
2006;MT;F;ED0-2;70.9;35.7
2006;MT;M;ED0-2;64.1;79.6
2006;NL;F;ED0-2;35;65.7
2006;NL;M;ED0-2;32.3;81.6
2006;PL;F;ED0-2;20.9;53.1
2006;PL;M;ED0-2;21;67.3
2006;PT;F;ED0-2;68.8;66.3
2006;PT;M;ED0-2;74.7;79.2
2006;RO;F;ED0-2;35.9;58.5
2006;RO;M;ED0-2;28.2;71.2
2006;SE;F;ED0-2;26.6;75.8
2006;SE;M;ED0-2;27.1;81.7
2006;SI;F;ED0-2;24.6;66.5
2006;SI;M;ED0-2;21.2;76.3
2006;SK;F;ED0-2;21;57.5
2006;SK;M;ED0-2;16.7;74.6
2007;AT;F;ED0-2;30;66.2
2007;AT;M;ED0-2;20.8;79.5
2007;BE;F;ED0-2;34.4;60.3
2007;BE;M;ED0-2;35.2;75
2007;BG;F;ED0-2;28.2;63.5
2007;BG;M;ED0-2;29.1;73.4
2007;CY;F;ED0-2;31;67.7
2007;CY;M;ED0-2;31.3;86.4
2007;CZ;F;ED0-2;18.8;62.4
2007;CZ;M;ED0-2;13.6;81.5
2007;DE;F;ED0-2;25.5;66.7
2007;DE;M;ED0-2;21.5;79.1
2007;DK;F;ED0-2;32.6;74.7
2007;DK;M;ED0-2;32.1;83.2
2007;EE;F;ED0-2;16.9;72.6
2007;EE;M;ED0-2;23.3;81.4
2007;EL;F;ED0-2;39.4;51.7
2007;EL;M;ED0-2;42.2;80.1
2007;ES;F;ED0-2;49;58.6
2007;ES;M;ED0-2;51.2;80.6
2007;FI;F;ED0-2;23;72.5
2007;FI;M;ED0-2;27.7;77.2
2007;FR;F;ED0-2;34.7;64.3
2007;FR;M;ED0-2;33.2;74.7
2007;HR;F;ED0-2;30.6;55.9
2007;HR;M;ED0-2;22.7;72.1
2007;HU;F;ED0-2;28.7;55.2
2007;HU;M;ED0-2;23.8;69.8
2007;IE;F;ED0-2;30.3;65.8
2007;IE;M;ED0-2;35.9;84.2
2007;IT;F;ED0-2;47.7;49.9
2007;IT;M;ED0-2;49.7;75.7
2007;LT;F;ED0-2;17.8;69.1
2007;LT;M;ED0-2;22.1;76.6
2007;LU;F;ED0-2;40.9;61
2007;LU;M;ED0-2;36.5;78.3
2007;LV;F;ED0-2;20.3;70.3
2007;LV;M;ED0-2;28;80.5
2007;MT;F;ED0-2;70.2;37.7
2007;MT;M;ED0-2;64.4;79
2007;NL;F;ED0-2;34.1;67.7
2007;NL;M;ED0-2;31.6;83.2
2007;PL;F;ED0-2;20.2;55.5
2007;PL;M;ED0-2;20.6;70.2
2007;PT;F;ED0-2;68.5;66.3
2007;PT;M;ED0-2;74.5;79.1
2007;RO;F;ED0-2;34.8;57.9
2007;RO;M;ED0-2;27;71
2007;SE;F;ED0-2;26.4;77.1
2007;SE;M;ED0-2;26.7;83.1
2007;SI;F;ED0-2;24;67.1
2007;SI;M;ED0-2;20.5;77.5
2007;SK;F;ED0-2;20.1;58.7
2007;SK;M;ED0-2;16.7;76
2008;AT;F;ED0-2;28.8;67.6
2008;AT;M;ED0-2;20.3;80.1
2008;BE;F;ED0-2;33;61.3
2008;BE;M;ED0-2;34.1;74.7
2008;BG;F;ED0-2;28;65.4
2008;BG;M;ED0-2;28.7;76.1
2008;CY;F;ED0-2;30.7;68.2
2008;CY;M;ED0-2;30.1;85.2
2008;CZ;F;ED0-2;18.4;62.5
2008;CZ;M;ED0-2;13.4;82
2008;DE;F;ED0-2;24.1;67.8
2008;DE;M;ED0-2;20.5;80.1
2008;DK;F;ED0-2;33.7;74.3
2008;DK;M;ED0-2;32.8;83
2008;EE;F;ED0-2;17.8;72.9
2008;EE;M;ED0-2;23.1;81.5
2008;EL;F;ED0-2;38.3;52.6
2008;EL;M;ED0-2;41.2;80.1
2008;ES;F;ED0-2;48.4;58.9
2008;ES;M;ED0-2;51.3;77.9
2008;FI;F;ED0-2;22.8;73.1
2008;FI;M;ED0-2;27.5;78.4
2008;FR;F;ED0-2;33.4;65
2008;FR;M;ED0-2;32.5;75.1
2008;HR;F;ED0-2;29.2;57
2008;HR;M;ED0-2;22.6;72.9
2008;HU;F;ED0-2;28;54.8
2008;HU;M;ED0-2;23.4;68.7
2008;IE;F;ED0-2;28.6;65.4
2008;IE;M;ED0-2;35;81.4
2008;IT;F;ED0-2;46.7;50.6
2008;IT;M;ED0-2;49.1;75.3
2008;LT;F;ED0-2;16.6;68.7
2008;LT;M;ED0-2;20.6;75.6
2008;LU;F;ED0-2;39.2;60.1
2008;LU;M;ED0-2;34.4;77.2
2008;LV;F;ED0-2;19.1;71.9
2008;LV;M;ED0-2;26.8;79.3
2008;MT;F;ED0-2;67.4;39.4
2008;MT;M;ED0-2;62.9;78.5
2008;NL;F;ED0-2;33.8;69.4
2008;NL;M;ED0-2;31.8;84.4
2008;PL;F;ED0-2;19.4;57.3
2008;PL;M;ED0-2;19.9;73
2008;PT;F;ED0-2;67.8;67.1
2008;PT;M;ED0-2;73.8;79.4
2008;RO;F;ED0-2;33.7;57.3
2008;RO;M;ED0-2;26.6;71.6
2008;SE;F;ED0-2;26;77.2
2008;SE;M;ED0-2;26.3;83.5
2008;SI;F;ED0-2;23.2;68.5
2008;SI;M;ED0-2;20.6;77.4
2008;SK;F;ED0-2;19.4;60.3
2008;SK;M;ED0-2;15.8;77.4
2009;AT;F;ED0-2;28;68.2
2009;AT;M;ED0-2;19.6;78.7
2009;BE;F;ED0-2;31.7;61
2009;BE;M;ED0-2;33.1;73.2
2009;BG;F;ED0-2;27.5;64
2009;BG;M;ED0-2;27.6;73.8
2009;CY;F;ED0-2;31.4;68.3
2009;CY;M;ED0-2;31;82.8
2009;CZ;F;ED0-2;17.4;61.4
2009;CZ;M;ED0-2;13;80.2
2009;DE;F;ED0-2;23.7;68.7
2009;DE;M;ED0-2;20.3;79.6
2009;DK;F;ED0-2;32.6;73.1
2009;DK;M;ED0-2;32.2;79.1
2009;EE;F;ED0-2;16.2;69
2009;EE;M;ED0-2;22.4;71
2009;EL;F;ED0-2;37.8;52.9
2009;EL;M;ED0-2;41.4;78.5
2009;ES;F;ED0-2;47.7;56.8
2009;ES;M;ED0-2;51.2;71
2009;FI;F;ED0-2;22.2;72.4
2009;FI;M;ED0-2;26.5;74.7
2009;FR;F;ED0-2;32.8;64.4
2009;FR;M;ED0-2;31.9;73.8
2009;HR;F;ED0-2;28.5;58
2009;HR;M;ED0-2;22.2;70.5
2009;HU;F;ED0-2;27;54
2009;HU;M;ED0-2;22.9;66.5
2009;IE;F;ED0-2;27.5;62.9
2009;IE;M;ED0-2;33.8;73.1
2009;IT;F;ED0-2;46.1;49.7
2009;IT;M;ED0-2;48.2;73.7
2009;LT;F;ED0-2;16;67.2
2009;LT;M;ED0-2;20.2;66.8
2009;LU;F;ED0-2;31;61.5
2009;LU;M;ED0-2;26.2;79
2009;LV;F;ED0-2;18;66.5
2009;LV;M;ED0-2;25.4;66.8
2009;MT;F;ED0-2;63.7;40
2009;MT;M;ED0-2;60.3;77.5
2009;NL;F;ED0-2;33.2;69.9
2009;NL;M;ED0-2;32;83.6
2009;PL;F;ED0-2;18.4;57.6
2009;PL;M;ED0-2;19;72.6
2009;PT;F;ED0-2;66.5;66.1
2009;PT;M;ED0-2;72.1;76.4
2009;RO;F;ED0-2;33.5;56.3
2009;RO;M;ED0-2;26.9;70.7
2009;SE;F;ED0-2;25.2;75.7
2009;SE;M;ED0-2;25.6;80.9
2009;SI;F;ED0-2;22.1;67.9
2009;SI;M;ED0-2;19.6;75.6
2009;SK;F;ED0-2;18;58.2
2009;SK;M;ED0-2;15;74.6
2010;AT;F;ED0-2;27;68.8
2010;AT;M;ED0-2;19.4;79
2010;BE;F;ED0-2;31.7;61.6
2010;BE;M;ED0-2;33.4;73.5
2010;BG;F;ED0-2;25;60.8
2010;BG;M;ED0-2;25.3;68.6
2010;CY;F;ED0-2;29.5;68.8
2010;CY;M;ED0-2;29.7;81.7
2010;CZ;F;ED0-2;16.7;60.9
2010;CZ;M;ED0-2;12.2;79.6
2010;DE;F;ED0-2;22.6;69.7
2010;DE;M;ED0-2;19.4;80.4
2010;DK;F;ED0-2;32;72
2010;DK;M;ED0-2;32.3;77.7
2010;EE;F;ED0-2;15;65.9
2010;EE;M;ED0-2;21.5;67.8
2010;EL;F;ED0-2;36.6;51.8
2010;EL;M;ED0-2;40.5;76
2010;ES;F;ED0-2;46.2;56.3
2010;ES;M;ED0-2;50;69.2
2010;FI;F;ED0-2;21.6;71.5
2010;FI;M;ED0-2;25.7;74.5
2010;FR;F;ED0-2;32.4;64.3
2010;FR;M;ED0-2;31.4;73.6
2010;HR;F;ED0-2;28.7;56.4
2010;HR;M;ED0-2;22.1;67.9
2010;HU;F;ED0-2;26.3;54.6
2010;HU;M;ED0-2;22.5;65.5
2010;IE;F;ED0-2;27;61.1
2010;IE;M;ED0-2;32.8;69.9
2010;IT;F;ED0-2;45.1;49.5
2010;IT;M;ED0-2;47.4;72.7
2010;LT;F;ED0-2;15.5;65
2010;LT;M;ED0-2;18.9;63.5
2010;LU;F;ED0-2;31;62
2010;LU;M;ED0-2;26.8;79.2
2010;LV;F;ED0-2;15.9;64.5
2010;LV;M;ED0-2;23.5;64
2010;MT;F;ED0-2;61.5;41.6
2010;MT;M;ED0-2;59.1;78.2
2010;NL;F;ED0-2;32.5;69.8
2010;NL;M;ED0-2;31.1;82.5
2010;PL;F;ED0-2;17.6;57.3
2010;PL;M;ED0-2;18.4;71.3
2010;PT;F;ED0-2;64.1;65.6
2010;PT;M;ED0-2;70.7;75.4
2010;RO;F;ED0-2;34.1;56.5
2010;RO;M;ED0-2;27.1;73.1
2010;SE;F;ED0-2;24.8;75
2010;SE;M;ED0-2;25.2;81.1
2010;SI;F;ED0-2;22.2;66.5
2010;SI;M;ED0-2;19.7;74
2010;SK;F;ED0-2;17.5;57.4
2010;SK;M;ED0-2;15;71.9
2011;AT;F;ED0-2;26.6;69.2
2011;AT;M;ED0-2;19.5;79.2
2011;BE;F;ED0-2;30.7;61.5
2011;BE;M;ED0-2;33;73
2011;BG;F;ED0-2;23.9;59.8
2011;BG;M;ED0-2;24.1;66
2011;CY;F;ED0-2;27.5;67.7
2011;CY;M;ED0-2;29.2;79.6
2011;CZ;F;ED0-2;16;61.7
2011;CZ;M;ED0-2;11.8;79.9
2011;DE;F;ED0-2;19.7;71.3
2011;DE;M;ED0-2;16.4;81.7
2011;DK;F;ED0-2;30.4;71.4
2011;DK;M;ED0-2;31.3;78.3
2011;EE;F;ED0-2;14.9;67.8
2011;EE;M;ED0-2;20.6;73.5
2011;EL;F;ED0-2;35.1;48.7
2011;EL;M;ED0-2;39.1;70.8
2011;ES;F;ED0-2;44.9;56.1
2011;ES;M;ED0-2;49;67.7
2011;FI;F;ED0-2;20.6;71.9
2011;FI;M;ED0-2;25.2;75.6
2011;FR;F;ED0-2;31.7;64.1
2011;FR;M;ED0-2;30.8;73.6
2011;HR;F;ED0-2;28;53.6
2011;HR;M;ED0-2;21.3;66.1
2011;HU;F;ED0-2;26.1;54.7
2011;HU;M;ED0-2;22.4;66.4
2011;IE;F;ED0-2;26.2;60.2
2011;IE;M;ED0-2;32;68.9
2011;IT;F;ED0-2;44;49.9
2011;IT;M;ED0-2;47;72.5
2011;LT;F;ED0-2;14.3;66.6
2011;LT;M;ED0-2;17.5;67.2
2011;LU;F;ED0-2;30.4;61.9
2011;LU;M;ED0-2;27.7;78.1
2011;LV;F;ED0-2;15.7;65.3
2011;LV;M;ED0-2;23.7;67.5
2011;MT;F;ED0-2;59.1;43.8
2011;MT;M;ED0-2;58.7;79
2011;NL;F;ED0-2;32.3;70.4
2011;NL;M;ED0-2;31;82.4
2011;PL;F;ED0-2;17.1;57.2
2011;PL;M;ED0-2;18;71.9
2011;PT;F;ED0-2;60.9;64.6
2011;PT;M;ED0-2;67.6;73.2
2011;RO;F;ED0-2;33.1;56.2
2011;RO;M;ED0-2;26.8;71.5
2011;SE;F;ED0-2;24;76.5
2011;SE;M;ED0-2;24.8;82.1
2011;SI;F;ED0-2;20.9;64.8
2011;SI;M;ED0-2;18.6;71.8
2011;SK;F;ED0-2;17.1;57.4
2011;SK;M;ED0-2;14.2;72.5
2012;AT;F;ED0-2;25.9;69.6
2012;AT;M;ED0-2;18.8;79.3
2012;BE;F;ED0-2;30.1;61.7
2012;BE;M;ED0-2;32.7;72.7
2012;BG;F;ED0-2;22.9;60.2
2012;BG;M;ED0-2;23;65.8
2012;CY;F;ED0-2;26.4;64.8
2012;CY;M;ED0-2;26.4;76.1
2012;CZ;F;ED0-2;15.3;62.5
2012;CZ;M;ED0-2;11.6;80.2
2012;DE;F;ED0-2;19.5;71.6
2012;DE;M;ED0-2;16.3;82.1
2012;DK;F;ED0-2;29;71.1
2012;DK;M;ED0-2;31.1;77.5
2012;EE;F;ED0-2;13.8;69.4
2012;EE;M;ED0-2;19.9;75.1
2012;EL;F;ED0-2;34.1;45.2
2012;EL;M;ED0-2;37.7;65
2012;ES;F;ED0-2;44.2;54.6
2012;ES;M;ED0-2;48.6;64.6
2012;FI;F;ED0-2;19.6;72.5
2012;FI;M;ED0-2;24;75.5
2012;FR;F;ED0-2;30.5;64.6
2012;FR;M;ED0-2;30.2;73.5
2012;HR;F;ED0-2;26;52.6
2012;HR;M;ED0-2;20.3;63.7
2012;HU;F;ED0-2;25;56.2
2012;HU;M;ED0-2;21.9;67.3
2012;IE;F;ED0-2;25.6;60.2
2012;IE;M;ED0-2;30.9;68.8
2012;IT;F;ED0-2;42.5;50.5
2012;IT;M;ED0-2;46;71.5
2012;LT;F;ED0-2;13.3;67.9
2012;LT;M;ED0-2;16.8;69.1
2012;LU;F;ED0-2;29.5;64.1
2012;LU;M;ED0-2;27.3;78.5
2012;LV;F;ED0-2;13.7;66.4
2012;LV;M;ED0-2;21.5;70
2012;MT;F;ED0-2;57.4;48
2012;MT;M;ED0-2;56.4;79.4
2012;NL;F;ED0-2;31.2;71
2012;NL;M;ED0-2;30.3;82.3
2012;PL;F;ED0-2;16.1;57.5
2012;PL;M;ED0-2;17.3;72
2012;PT;F;ED0-2;57.8;63
2012;PT;M;ED0-2;65.6;69.8
2012;RO;F;ED0-2;32.2;56.7
2012;RO;M;ED0-2;26.3;72.8
2012;SE;F;ED0-2;23.1;76.8
2012;SE;M;ED0-2;24.5;81.9
2012;SI;F;ED0-2;19.8;64.6
2012;SI;M;ED0-2;18.4;71.8
2012;SK;F;ED0-2;16.2;57.3
2012;SK;M;ED0-2;13.8;72.8
2013;AT;F;ED0-2;25.4;70
2013;AT;M;ED0-2;18.9;79.1
2013;BE;F;ED0-2;29;62.1
2013;BE;M;ED0-2;31.8;72.3
2013;BG;F;ED0-2;21.9;60.7
2013;BG;M;ED0-2;22.3;66.4
2013;CY;F;ED0-2;25;62.2
2013;CY;M;ED0-2;25.9;72.6
2013;CZ;F;ED0-2;14.4;63.8
2013;CZ;M;ED0-2;11.4;81
2013;DE;F;ED0-2;19.1;72.5
2013;DE;M;ED0-2;16.2;82.1
2013;DK;F;ED0-2;28.6;71.2
2013;DK;M;ED0-2;31.1;77.5
2013;EE;F;ED0-2;12.6;70.1
2013;EE;M;ED0-2;19.2;76.7
2013;EL;F;ED0-2;32.9;43.3
2013;EL;M;ED0-2;36.2;62.7
2013;ES;F;ED0-2;43.2;53.8
2013;ES;M;ED0-2;48;63.4
2013;FI;F;ED0-2;18.6;71.9
2013;FI;M;ED0-2;23;74.7
2013;FR;F;ED0-2;28.4;64.9
2013;FR;M;ED0-2;27.6;73.2
2013;HR;F;ED0-2;24.8;52.8
2013;HR;M;ED0-2;20;61.6
2013;HU;F;ED0-2;24.3;56.9
2013;HU;M;ED0-2;21.2;69.3
2013;IE;F;ED0-2;23.9;61.3
2013;IE;M;ED0-2;29.4;71.8
2013;IT;F;ED0-2;41.6;49.9
2013;IT;M;ED0-2;45.2;69.7
2013;LT;F;ED0-2;12.8;68.6
2013;LT;M;ED0-2;16.1;71.2
2013;LU;F;ED0-2;26.7;63.9
2013;LU;M;ED0-2;25.7;78
2013;LV;F;ED0-2;13;67.7
2013;LV;M;ED0-2;20.5;71.9
2013;MT;F;ED0-2;54.4;51.7
2013;MT;M;ED0-2;54.3;80.3
2013;NL;F;ED0-2;29.5;70.6
2013;NL;M;ED0-2;28.6;81.1
2013;PL;F;ED0-2;15.4;57.6
2013;PL;M;ED0-2;16.8;72.1
2013;PT;F;ED0-2;55.3;62.3
2013;PT;M;ED0-2;63.7;68.7
2013;RO;F;ED0-2;31.7;56.5
2013;RO;M;ED0-2;26.1;72.8
2013;SE;F;ED0-2;22;77.2
2013;SE;M;ED0-2;23.8;82.2
2013;SI;F;ED0-2;19.1;63
2013;SI;M;ED0-2;17.9;71.2
2013;SK;F;ED0-2;16;57.8
2013;SK;M;ED0-2;13.5;72.2
2014;AT;F;ED0-2;23.2;70.1
2014;AT;M;ED0-2;17.3;78.3
2014;BE;F;ED0-2;28.1;62.9
2014;BE;M;ED0-2;30.9;71.6
2014;BG;F;ED0-2;22;62
2014;BG;M;ED0-2;23.2;68.1
2014;CY;F;ED0-2;25.3;63.9
2014;CY;M;ED0-2;26.9;71.6
2014;CZ;F;ED0-2;13.9;64.7
2014;CZ;M;ED0-2;10.9;82.2
2014;DE;F;ED0-2;20.8;73.1
2014;DE;M;ED0-2;18.6;82.2
2014;DK;F;ED0-2;27;71
2014;DK;M;ED0-2;30.4;78.4
2014;EE;F;ED0-2;13.3;70.6
2014;EE;M;ED0-2;22.2;78.3
2014;EL;F;ED0-2;31.6;44.3
2014;EL;M;ED0-2;34.7;62.6
2014;ES;F;ED0-2;42.3;54.8
2014;ES;M;ED0-2;46.6;65
2014;FI;F;ED0-2;17.6;72.1
2014;FI;M;ED0-2;22.6;74
2014;FR;F;ED0-2;27;65.6
2014;FR;M;ED0-2;26;73.1
2014;HR;F;ED0-2;23.4;54.2
2014;HR;M;ED0-2;18.6;64.2
2014;HU;F;ED0-2;23.2;60.2
2014;HU;M;ED0-2;20.8;73.5
2014;IE;F;ED0-2;21.2;62.3
2014;IE;M;ED0-2;26.7;74.1
2014;IT;F;ED0-2;40.5;50.3
2014;IT;M;ED0-2;44.2;69.7
2014;LT;F;ED0-2;12.5;70.6
2014;LT;M;ED0-2;16.1;73.1
2014;LU;F;ED0-2;26.6;65.5
2014;LU;M;ED0-2;23.1;78.4
2014;LV;F;ED0-2;12.6;68.5
2014;LV;M;ED0-2;20;73.1
2014;MT;F;ED0-2;52.1;54.3
2014;MT;M;ED0-2;52.3;81.1
2014;NL;F;ED0-2;29.2;69.7
2014;NL;M;ED0-2;28.5;81.1
2014;PL;F;ED0-2;14.9;59.4
2014;PL;M;ED0-2;16.2;73.6
2014;PT;F;ED0-2;52.2;64.2
2014;PT;M;ED0-2;60.7;71.3
2014;RO;F;ED0-2;33.3;57.3
2014;RO;M;ED0-2;29.1;74
2014;SE;F;ED0-2;21.1;77.6
2014;SE;M;ED0-2;23.2;82.2
2014;SI;F;ED0-2;19.5;63.6
2014;SI;M;ED0-2;17.4;71.6
2014;SK;F;ED0-2;16.3;58.6
2014;SK;M;ED0-2;14.1;73.2
2015;AT;F;ED0-2;22.5;70.2
2015;AT;M;ED0-2;16.6;78.4
2015;BE;F;ED0-2;27.3;63
2015;BE;M;ED0-2;30;71.3
2015;BG;F;ED0-2;21.5;63.8
2015;BG;M;ED0-2;22.9;70.4
2015;CY;F;ED0-2;24.8;64
2015;CY;M;ED0-2;26.4;72.3
2015;CZ;F;ED0-2;13.9;66.4
2015;CZ;M;ED0-2;11;83
2015;DE;F;ED0-2;20.8;73.6
2015;DE;M;ED0-2;18.9;82.3
2015;DK;F;ED0-2;26.1;71.5
2015;DK;M;ED0-2;29.7;79.3
2015;EE;F;ED0-2;14.1;72.6
2015;EE;M;ED0-2;20.5;80.5
2015;EL;F;ED0-2;30.1;46
2015;EL;M;ED0-2;33;64
2015;ES;F;ED0-2;40.9;56.4
2015;ES;M;ED0-2;46.1;67.6
2015;FI;F;ED0-2;16.8;71.8
2015;FI;M;ED0-2;21.5;73.9
2015;FR;F;ED0-2;26.1;66
2015;FR;M;ED0-2;25.7;73.2
2015;HR;F;ED0-2;23;55.9
2015;HR;M;ED0-2;17.8;65.4
2015;HU;F;ED0-2;23;62.1
2015;HU;M;ED0-2;20.8;75.8
2015;IE;F;ED0-2;21;63.8
2015;IE;M;ED0-2;26;76.1
2015;IT;F;ED0-2;39.8;50.6
2015;IT;M;ED0-2;43.9;70.6
2015;LT;F;ED0-2;11.7;72.2
2015;LT;M;ED0-2;16;74.6
2015;LU;F;ED0-2;30.1;65
2015;LU;M;ED0-2;30.5;76.7
2015;LV;F;ED0-2;12.3;70.5
2015;LV;M;ED0-2;19.1;74.6
2015;MT;F;ED0-2;49.5;55.3
2015;MT;M;ED0-2;51.3;82.1
2015;NL;F;ED0-2;28.5;70.8
2015;NL;M;ED0-2;28.3;81.9
2015;PL;F;ED0-2;14.6;60.9
2015;PL;M;ED0-2;15.9;74.7
2015;PT;F;ED0-2;50.9;65.9
2015;PT;M;ED0-2;58.1;72.6
2015;RO;F;ED0-2;31.4;57.2
2015;RO;M;ED0-2;27.4;74.7
2015;SE;F;ED0-2;20.4;78.3
2015;SE;M;ED0-2;22.8;82.5
2015;SI;F;ED0-2;18.3;64.7
2015;SI;M;ED0-2;16.7;73.3
2015;SK;F;ED0-2;15.6;60.3
2015;SK;M;ED0-2;13.6;75
2016;AT;F;ED0-2;22.1;70.9
2016;AT;M;ED0-2;17;78.7
2016;BE;F;ED0-2;27.1;63
2016;BE;M;ED0-2;29.3;72.3
2016;BG;F;ED0-2;21.3;64
2016;BG;M;ED0-2;22.5;71.3
2016;CY;F;ED0-2;22.8;64.1
2016;CY;M;ED0-2;25.4;73.8
2016;CZ;F;ED0-2;13.6;68.6
2016;CZ;M;ED0-2;11.1;84.6
2016;DE;F;ED0-2;20.6;74.5
2016;DE;M;ED0-2;19.1;82.7
2016;DK;F;ED0-2;25.5;72.5
2016;DK;M;ED0-2;29.1;79.4
2016;EE;F;ED0-2;13;72.6
2016;EE;M;ED0-2;20.4;80.8
2016;EL;F;ED0-2;28.7;46.8
2016;EL;M;ED0-2;31.4;65.8
2016;ES;F;ED0-2;39.7;58.1
2016;ES;M;ED0-2;45.5;69.6
2016;FI;F;ED0-2;16.4;71.7
2016;FI;M;ED0-2;20.7;75
2016;FR;F;ED0-2;25.4;66.4
2016;FR;M;ED0-2;25.4;73.8
2016;HR;F;ED0-2;22.9;56.6
2016;HR;M;ED0-2;18.3;66.2
2016;HU;F;ED0-2;23;64.6
2016;HU;M;ED0-2;20.6;78.6
2016;IE;F;ED0-2;20.2;65.4
2016;IE;M;ED0-2;25.8;77.5
2016;IT;F;ED0-2;39.5;51.6
2016;IT;M;ED0-2;43.7;71.7
2016;LT;F;ED0-2;10.5;74.3
2016;LT;M;ED0-2;14.5;76.2
2016;LU;F;ED0-2;28.7;65.1
2016;LU;M;ED0-2;27.7;76.1
2016;LV;F;ED0-2;12.2;71.8
2016;LV;M;ED0-2;17.9;74.7
2016;MT;F;ED0-2;46.6;58
2016;MT;M;ED0-2;49;83.5
2016;NL;F;ED0-2;27.9;71.6
2016;NL;M;ED0-2;28;82.6
2016;PL;F;ED0-2;14;62.2
2016;PL;M;ED0-2;15.2;76.4
2016;PT;F;ED0-2;49.3;67.4
2016;PT;M;ED0-2;56.7;74.2
2016;RO;F;ED0-2;29.8;57.4
2016;RO;M;ED0-2;26.3;75
2016;SE;F;ED0-2;20.2;79.2
2016;SE;M;ED0-2;22;83
2016;SI;F;ED0-2;18.1;66.7
2016;SI;M;ED0-2;16.4;73.3
2016;SK;F;ED0-2;15.1;62.7
2016;SK;M;ED0-2;13.4;76.9
2017;AT;F;ED0-2;21.4;71.4
2017;AT;M;ED0-2;17.2;79.4
2017;BE;F;ED0-2;26;63.6
2017;BE;M;ED0-2;28.4;73.4
2017;BG;F;ED0-2;21;67.3
2017;BG;M;ED0-2;21.7;75.3
2017;CY;F;ED0-2;22.2;66.2
2017;CY;M;ED0-2;23.6;75.7
2017;CZ;F;ED0-2;13.2;70.5
2017;CZ;M;ED0-2;11.1;86.3
2017;DE;F;ED0-2;20.3;75.2
2017;DE;M;ED0-2;19.4;83.1
2017;DK;F;ED0-2;24.3;73.2
2017;DK;M;ED0-2;29;79.9
2017;EE;F;ED0-2;13.3;75.1
2017;EE;M;ED0-2;20.5;82.4
2017;EL;F;ED0-2;28.2;48
2017;EL;M;ED0-2;30.4;67.7
2017;ES;F;ED0-2;39;59.6
2017;ES;M;ED0-2;44.7;71.5
2017;FI;F;ED0-2;15.8;72.4
2017;FI;M;ED0-2;20.9;75.9
2017;FR;F;ED0-2;25.3;66.8
2017;FR;M;ED0-2;25.1;74.6
2017;HR;F;ED0-2;21.7;58.3
2017;HR;M;ED0-2;18.1;68.9
2017;HU;F;ED0-2;22.5;65.7
2017;HU;M;ED0-2;19.6;81
2017;IE;F;ED0-2;19.1;67
2017;IE;M;ED0-2;24.6;79.1
2017;IT;F;ED0-2;38.6;52.5
2017;IT;M;ED0-2;43.1;72.3
2017;LT;F;ED0-2;10.1;75.5
2017;LT;M;ED0-2;14.1;76.5
2017;LU;F;ED0-2;30.5;67.5
2017;LU;M;ED0-2;30.5;75.4
2017;LV;F;ED0-2;12.3;72.7
2017;LV;M;ED0-2;18.4;77
2017;MT;F;ED0-2;44.9;60.6
2017;MT;M;ED0-2;46.3;84.7
2017;NL;F;ED0-2;26.2;72.8
2017;NL;M;ED0-2;27;83.3
2017;PL;F;ED0-2;13.3;63.6
2017;PL;M;ED0-2;14.5;78.2
2017;PT;F;ED0-2;47.5;69.8
2017;PT;M;ED0-2;56.1;77.3
2017;RO;F;ED0-2;28.4;60.2
2017;RO;M;ED0-2;25.5;77.3
2017;SE;F;ED0-2;20.2;79.8
2017;SE;M;ED0-2;22;83.8
2017;SI;F;ED0-2;17.4;69.7
2017;SI;M;ED0-2;16.1;76.9
2017;SK;F;ED0-2;15.7;64.7
2017;SK;M;ED0-2;13.8;77.5
2018;AT;F;ED0-2;21.1;71.7
2018;AT;M;ED0-2;16.6;80.7
2018;BE;F;ED0-2;25.1;65.5
2018;BE;M;ED0-2;27.6;73.9
2018;BG;F;ED0-2;20.9;68.3
2018;BG;M;ED0-2;22.2;76.5
2018;CY;F;ED0-2;20.6;68.9
2018;CY;M;ED0-2;23.2;79.3
2018;CZ;F;ED0-2;13;72.2
2018;CZ;M;ED0-2;11.2;87.4
2018;DE;F;ED0-2;20;75.8
2018;DE;M;ED0-2;19.3;83.9
2018;DK;F;ED0-2;24;73.9
2018;DK;M;ED0-2;29.2;80.9
2018;EE;F;ED0-2;13.3;75.6
2018;EE;M;ED0-2;20.3;83.4
2018;EL;F;ED0-2;27.9;49.1
2018;EL;M;ED0-2;29.5;70.1
2018;ES;F;ED0-2;37.7;61
2018;ES;M;ED0-2;44;73.1
2018;FI;F;ED0-2;15.1;74.5
2018;FI;M;ED0-2;20.2;78.2
2018;FR;F;ED0-2;24.3;67.6
2018;FR;M;ED0-2;24.6;75.2
2018;HR;F;ED0-2;20.2;60.1
2018;HR;M;ED0-2;17.2;70.3
2018;HU;F;ED0-2;21.3;66.8
2018;HU;M;ED0-2;19.2;82.1
2018;IE;F;ED0-2;19;68.1
2018;IE;M;ED0-2;24;80.3
2018;IT;F;ED0-2;38.2;53.1
2018;IT;M;ED0-2;42.4;72.9
2018;LT;F;ED0-2;9.9;76.7
2018;LT;M;ED0-2;13.5;79
2018;LU;F;ED0-2;27.3;68
2018;LU;M;ED0-2;27.8;76
2018;LV;F;ED0-2;12.3;74.8
2018;LV;M;ED0-2;18.4;79
2018;MT;F;ED0-2;42.7;64.1
2018;MT;M;ED0-2;43.1;86
2018;NL;F;ED0-2;25.7;74.2
2018;NL;M;ED0-2;26.4;84.3
2018;PL;F;ED0-2;12.8;65
2018;PL;M;ED0-2;14.1;79.4
2018;PT;F;ED0-2;45.3;72.1
2018;PT;M;ED0-2;54.7;78.9
2018;RO;F;ED0-2;27.6;60.6
2018;RO;M;ED0-2;25;78.9
2018;SE;F;ED0-2;19.6;80.2
2018;SE;M;ED0-2;22.3;84.4
2018;SI;F;ED0-2;16.9;71.7
2018;SI;M;ED0-2;16;79
2018;SK;F;ED0-2;15.2;65.5
2018;SK;M;ED0-2;13.7;79.2
2019;AT;F;ED0-2;20.5;72.4
2019;AT;M;ED0-2;16.9;81.2
2019;BE;F;ED0-2;24;66.5
2019;BE;M;ED0-2;27.7;74.5
2019;BG;F;ED0-2;21.4;70.7
2019;BG;M;ED0-2;22.3;79.3
2019;CY;F;ED0-2;20;70.1
2019;CY;M;ED0-2;23;81.7
2019;CZ;F;ED0-2;13.1;72.7
2019;CZ;M;ED0-2;11.6;87.7
2019;DE;F;ED0-2;19.9;76.6
2019;DE;M;ED0-2;19.2;84.6
2019;DK;F;ED0-2;23.9;74.7
2019;DK;M;ED0-2;28.3;81.9
2019;EE;F;ED0-2;13;76.3
2019;EE;M;ED0-2;18.6;84
2019;EL;F;ED0-2;26;51.3
2019;EL;M;ED0-2;25.8;71.3
2019;ES;F;ED0-2;36.3;62.1
2019;ES;M;ED0-2;43;74
2019;FI;F;ED0-2;14.9;75.8
2019;FI;M;ED0-2;18.9;78.5
2019;FR;F;ED0-2;22.9;68.1
2019;FR;M;ED0-2;24;75.2
2019;HR;F;ED0-2;19.9;61.5
2019;HR;M;ED0-2;16.3;72
2019;HU;F;ED0-2;20.8;67.6
2019;HU;M;ED0-2;19.1;83.1
2019;IE;F;ED0-2;18.7;69
2019;IE;M;ED0-2;23.4;81.4
2019;IT;F;ED0-2;37.5;53.8
2019;IT;M;ED0-2;42.1;73.4
2019;LT;F;ED0-2;9.5;77.4
2019;LT;M;ED0-2;12.8;79
2019;LU;F;ED0-2;27.2;68.1
2019;LU;M;ED0-2;26.3;77.2
2019;LV;F;ED0-2;12.3;75.5
2019;LV;M;ED0-2;17.6;79.3
2019;MT;F;ED0-2;40.3;65.8
2019;MT;M;ED0-2;42.2;86.5
2019;NL;F;ED0-2;25.1;75.5
2019;NL;M;ED0-2;26;84.8
2019;PL;F;ED0-2;12.5;65.3
2019;PL;M;ED0-2;14.1;80.7
2019;PT;F;ED0-2;43.6;72.7
2019;PT;M;ED0-2;51.9;79.9
2019;RO;F;ED0-2;26.3;61.3
2019;RO;M;ED0-2;23.9;80.3
2019;SE;F;ED0-2;19.1;79.7
2019;SE;M;ED0-2;22.3;84.4
2019;SI;F;ED0-2;16.1;72.9
2019;SI;M;ED0-2;15.5;79.7
2019;SK;F;ED0-2;15;66.9
2019;SK;M;ED0-2;14;79.9
2005;AT;F;ED3_4;58.9;64
2005;AT;M;ED3_4;62.1;76.9
2005;BE;F;ED3_4;35.4;58.6
2005;BE;M;ED3_4;37.6;74.3
2005;BG;F;ED3_4;45.6;57.1
2005;BG;M;ED3_4;52.1;66.8
2005;CY;F;ED3_4;37.1;63.8
2005;CY;M;ED3_4;39.1;85.5
2005;CZ;F;ED3_4;70.3;61.3
2005;CZ;M;ED3_4;74;80.1
2005;DE;F;ED3_4;55.5;63.1
2005;DE;M;ED3_4;53.8;75.6
2005;DK;F;ED3_4;42.9;73.7
2005;DK;M;ED3_4;48.6;82.3
2005;EE;F;ED3_4;49.9;69.7
2005;EE;M;ED3_4;55.1;74.6
2005;EL;F;ED3_4;42.6;49.7
2005;EL;M;ED3_4;42.1;79.3
2005;ES;F;ED3_4;22.6;55.1
2005;ES;M;ED3_4;22;79.8
2005;FI;F;ED3_4;42.7;70.8
2005;FI;M;ED3_4;46.2;75.1
2005;FR;F;ED3_4;38.7;63.2
2005;FR;M;ED3_4;43.5;75
2005;HR;F;ED3_4;51.7;52.8
2005;HR;M;ED3_4;63.1;67.3
2005;HU;F;ED3_4;53.2;55.6
2005;HU;M;ED3_4;60.9;69.2
2005;IE;F;ED3_4;38.2;63.7
2005;IE;M;ED3_4;36.3;84.2
2005;IT;F;ED3_4;38.7;48.5
2005;IT;M;ED3_4;38.6;74.8
2005;LT;F;ED3_4;55.6;66.6
2005;LT;M;ED3_4;58.3;75
2005;LU;F;ED3_4;37;58.4
2005;LU;M;ED3_4;39.6;79.4
2005;LV;F;ED3_4;58.7;64.5
2005;LV;M;ED3_4;58.3;74.3
2005;MT;F;ED3_4;17.8;34.8
2005;MT;M;ED3_4;23.6;79.7
2005;NL;F;ED3_4;40.4;64.4
2005;NL;M;ED3_4;41.6;80.9
2005;PL;F;ED3_4;62.2;51.7
2005;PL;M;ED3_4;66.4;65.1
2005;PT;F;ED3_4;16.9;66
2005;PT;M;ED3_4;15.6;78.7
2005;RO;F;ED3_4;53.9;56.9
2005;RO;M;ED3_4;61.3;70.4
2005;SE;F;ED3_4;50.8;75.2
2005;SE;M;ED3_4;55.4;80.5
2005;SI;F;ED3_4;55.1;66.2
2005;SI;M;ED3_4;63.5;75.8
2005;SK;F;ED3_4;66.7;56.7
2005;SK;M;ED3_4;70.6;72.5
2006;AT;F;ED3_4;57.8;65.2
2006;AT;M;ED3_4;62.8;78.1
2006;BE;F;ED3_4;35.6;58.8
2006;BE;M;ED3_4;37.3;74
2006;BG;F;ED3_4;47.7;60.4
2006;BG;M;ED3_4;54.9;69.9
2006;CY;F;ED3_4;37.4;65.9
2006;CY;M;ED3_4;40.3;86.2
2006;CZ;F;ED3_4;70.4;61.8
2006;CZ;M;ED3_4;74;80.4
2006;DE;F;ED3_4;56;65
2006;DE;M;ED3_4;54.7;77.2
2006;DK;F;ED3_4;42.3;74.8
2006;DK;M;ED3_4;48.3;83.8
2006;EE;F;ED3_4;50;72.5
2006;EE;M;ED3_4;54.2;79.5
2006;EL;F;ED3_4;41.5;51.3
2006;EL;M;ED3_4;38.3;79.9
2006;ES;F;ED3_4;23.2;57.1
2006;ES;M;ED3_4;22.3;80.7
2006;FI;F;ED3_4;42.7;71.5
2006;FI;M;ED3_4;46.8;76.3
2006;FR;F;ED3_4;38.8;63.4
2006;FR;M;ED3_4;43.4;74.6
2006;HR;F;ED3_4;52.9;53.6
2006;HR;M;ED3_4;63.6;67.7
2006;HU;F;ED3_4;53.9;55.6
2006;HU;M;ED3_4;61.7;70.1
2006;IE;F;ED3_4;37.5;64.6
2006;IE;M;ED3_4;36.5;84.5
2006;IT;F;ED3_4;39;49.6
2006;IT;M;ED3_4;39.1;75.4
2006;LT;F;ED3_4;55.8;68
2006;LT;M;ED3_4;59;74.9
2006;LU;F;ED3_4;39.2;59.4
2006;LU;M;ED3_4;41.2;78.9
2006;LV;F;ED3_4;58.2;68.4
2006;LV;M;ED3_4;57.7;78.4
2006;MT;F;ED3_4;17.6;35.7
2006;MT;M;ED3_4;25.2;79.6
2006;NL;F;ED3_4;41.2;65.7
2006;NL;M;ED3_4;41.7;81.6
2006;PL;F;ED3_4;62.1;53.1
2006;PL;M;ED3_4;66.2;67.3
2006;PT;F;ED3_4;17.4;66.3
2006;PT;M;ED3_4;15.9;79.2
2006;RO;F;ED3_4;54.7;58.5
2006;RO;M;ED3_4;62.1;71.2
2006;SE;F;ED3_4;43.4;75.8
2006;SE;M;ED3_4;50.9;81.7
2006;SI;F;ED3_4;54.9;66.5
2006;SI;M;ED3_4;63.7;76.3
2006;SK;F;ED3_4;67.4;57.5
2006;SK;M;ED3_4;71.1;74.6
2007;AT;F;ED3_4;57.6;66.2
2007;AT;M;ED3_4;62.5;79.5
2007;BE;F;ED3_4;35.8;60.3
2007;BE;M;ED3_4;38.5;75
2007;BG;F;ED3_4;49.3;63.5
2007;BG;M;ED3_4;56.3;73.4
2007;CY;F;ED3_4;37.6;67.7
2007;CY;M;ED3_4;40.8;86.4
2007;CZ;F;ED3_4;70.4;62.4
2007;CZ;M;ED3_4;74;81.5
2007;DE;F;ED3_4;56.9;66.7
2007;DE;M;ED3_4;55.4;79.1
2007;DK;F;ED3_4;39.2;74.7
2007;DK;M;ED3_4;44.2;83.2
2007;EE;F;ED3_4;49.5;72.6
2007;EE;M;ED3_4;55.6;81.4
2007;EL;F;ED3_4;41.8;51.7
2007;EL;M;ED3_4;38.4;80.1
2007;ES;F;ED3_4;23.2;58.6
2007;ES;M;ED3_4;23;80.6
2007;FI;F;ED3_4;42.5;72.5
2007;FI;M;ED3_4;46.6;77.2
2007;FR;F;ED3_4;39.5;64.3
2007;FR;M;ED3_4;43.9;74.7
2007;HR;F;ED3_4;55.4;55.9
2007;HR;M;ED3_4;64.5;72.1
2007;HU;F;ED3_4;54.4;55.2
2007;HU;M;ED3_4;62.4;69.8
2007;IE;F;ED3_4;37;65.8
2007;IE;M;ED3_4;36.5;84.2
2007;IT;F;ED3_4;39.2;49.9
2007;IT;M;ED3_4;39.4;75.7
2007;LT;F;ED3_4;54.7;69.1
2007;LT;M;ED3_4;58.3;76.6
2007;LU;F;ED3_4;37.3;61
2007;LU;M;ED3_4;39.9;78.3
2007;LV;F;ED3_4;57.4;70.3
2007;LV;M;ED3_4;57.5;80.5
2007;MT;F;ED3_4;18.3;37.7
2007;MT;M;ED3_4;23.6;79
2007;NL;F;ED3_4;41.6;67.7
2007;NL;M;ED3_4;41.8;83.2
2007;PL;F;ED3_4;61.6;55.5
2007;PL;M;ED3_4;66.3;70.2
2007;PT;F;ED3_4;17.1;66.3
2007;PT;M;ED3_4;16.1;79.1
2007;RO;F;ED3_4;55.4;57.9
2007;RO;M;ED3_4;62.9;71
2007;SE;F;ED3_4;43.2;77.1
2007;SE;M;ED3_4;50.8;83.1
2007;SI;F;ED3_4;54.4;67.1
2007;SI;M;ED3_4;64.1;77.5
2007;SK;F;ED3_4;67.6;58.7
2007;SK;M;ED3_4;71.8;76
2008;AT;F;ED3_4;58.1;67.6
2008;AT;M;ED3_4;62.7;80.1
2008;BE;F;ED3_4;36.7;61.3
2008;BE;M;ED3_4;39.3;74.7
2008;BG;F;ED3_4;49.3;65.4
2008;BG;M;ED3_4;56.3;76.1
2008;CY;F;ED3_4;36.3;68.2
2008;CY;M;ED3_4;41;85.2
2008;CZ;F;ED3_4;69.7;62.5
2008;CZ;M;ED3_4;73.8;82
2008;DE;F;ED3_4;57.3;67.8
2008;DE;M;ED3_4;55.4;80.1
2008;DK;F;ED3_4;38.1;74.3
2008;DK;M;ED3_4;43.3;83
2008;EE;F;ED3_4;47.4;72.9
2008;EE;M;ED3_4;55.5;81.5
2008;EL;F;ED3_4;41.9;52.6
2008;EL;M;ED3_4;39.1;80.1
2008;ES;F;ED3_4;23.6;58.9
2008;ES;M;ED3_4;22.7;77.9
2008;FI;F;ED3_4;42.3;73.1
2008;FI;M;ED3_4;46.9;78.4
2008;FR;F;ED3_4;39.9;65
2008;FR;M;ED3_4;44.7;75.1
2008;HR;F;ED3_4;56.1;57
2008;HR;M;ED3_4;64.9;72.9
2008;HU;F;ED3_4;53.9;54.8
2008;HU;M;ED3_4;62;68.7
2008;IE;F;ED3_4;37.2;65.4
2008;IE;M;ED3_4;36.7;81.4
2008;IT;F;ED3_4;39.3;50.6
2008;IT;M;ED3_4;39.6;75.3
2008;LT;F;ED3_4;53.8;68.7
2008;LT;M;ED3_4;58.7;75.6
2008;LU;F;ED3_4;38.4;60.1
2008;LU;M;ED3_4;40.6;77.2
2008;LV;F;ED3_4;55.2;71.9
2008;LV;M;ED3_4;57.9;79.3
2008;MT;F;ED3_4;21.1;39.4
2008;MT;M;ED3_4;24.5;78.5
2008;NL;F;ED3_4;41;69.4
2008;NL;M;ED3_4;40.9;84.4
2008;PL;F;ED3_4;61.3;57.3
2008;PL;M;ED3_4;66.4;73
2008;PT;F;ED3_4;16.9;67.1
2008;PT;M;ED3_4;16.3;79.4
2008;RO;F;ED3_4;55.6;57.3
2008;RO;M;ED3_4;62.7;71.6
2008;SE;F;ED3_4;42.9;77.2
2008;SE;M;ED3_4;50.9;83.5
2008;SI;F;ED3_4;54.4;68.5
2008;SI;M;ED3_4;63.7;77.4
2008;SK;F;ED3_4;67.8;60.3
2008;SK;M;ED3_4;72.3;77.4
2009;AT;F;ED3_4;57.7;68.2
2009;AT;M;ED3_4;62.8;78.7
2009;BE;F;ED3_4;36.8;61
2009;BE;M;ED3_4;39.4;73.2
2009;BG;F;ED3_4;49.2;64
2009;BG;M;ED3_4;57.3;73.8
2009;CY;F;ED3_4;35.9;68.3
2009;CY;M;ED3_4;40.8;82.8
2009;CZ;F;ED3_4;69.5;61.4
2009;CZ;M;ED3_4;73.4;80.2
2009;DE;F;ED3_4;56.6;68.7
2009;DE;M;ED3_4;55;79.6
2009;DK;F;ED3_4;37.7;73.1
2009;DK;M;ED3_4;44.2;79.1
2009;EE;F;ED3_4;45.7;69
2009;EE;M;ED3_4;55.9;71
2009;EL;F;ED3_4;41.9;52.9
2009;EL;M;ED3_4;39;78.5
2009;ES;F;ED3_4;23.5;56.8
2009;ES;M;ED3_4;22.8;71
2009;FI;F;ED3_4;41.8;72.4
2009;FI;M;ED3_4;47.6;74.7
2009;FR;F;ED3_4;39.5;64.4
2009;FR;M;ED3_4;44.1;73.8
2009;HR;F;ED3_4;55.1;58
2009;HR;M;ED3_4;65.2;70.5
2009;HU;F;ED3_4;54;54
2009;HU;M;ED3_4;62.4;66.5
2009;IE;F;ED3_4;36.9;62.9
2009;IE;M;ED3_4;36.5;73.1
2009;IT;F;ED3_4;39.7;49.7
2009;IT;M;ED3_4;40.5;73.7
2009;LT;F;ED3_4;53.9;67.2
2009;LT;M;ED3_4;59.2;66.8
2009;LU;F;ED3_4;41;61.5
2009;LU;M;ED3_4;41.5;79
2009;LV;F;ED3_4;55.2;66.5
2009;LV;M;ED3_4;59.1;66.8
2009;MT;F;ED3_4;22.8;40
2009;MT;M;ED3_4;27.5;77.5
2009;NL;F;ED3_4;40.8;69.9
2009;NL;M;ED3_4;40.5;83.6
2009;PL;F;ED3_4;60.4;57.6
2009;PL;M;ED3_4;66.2;72.6
2009;PT;F;ED3_4;17.9;66.1
2009;PT;M;ED3_4;17.4;76.4
2009;RO;F;ED3_4;54.9;56.3
2009;RO;M;ED3_4;62.3;70.7
2009;SE;F;ED3_4;42.8;75.7
2009;SE;M;ED3_4;51;80.9
2009;SI;F;ED3_4;54.2;67.9
2009;SI;M;ED3_4;64.6;75.6
2009;SK;F;ED3_4;67.6;58.2
2009;SK;M;ED3_4;72.6;74.6
2010;AT;F;ED3_4;58.2;68.8
2010;AT;M;ED3_4;62.9;79
2010;BE;F;ED3_4;35.5;61.6
2010;BE;M;ED3_4;38;73.5
2010;BG;F;ED3_4;50.6;60.8
2010;BG;M;ED3_4;59.6;68.6
2010;CY;F;ED3_4;36.2;68.8
2010;CY;M;ED3_4;40.6;81.7
2010;CZ;F;ED3_4;68.9;60.9
2010;CZ;M;ED3_4;73.2;79.6
2010;DE;F;ED3_4;57.3;69.7
2010;DE;M;ED3_4;55.4;80.4
2010;DK;F;ED3_4;37.7;72
2010;DK;M;ED3_4;43.4;77.7
2010;EE;F;ED3_4;47.3;65.9
2010;EE;M;ED3_4;56.5;67.8
2010;EL;F;ED3_4;42;51.8
2010;EL;M;ED3_4;39.1;76
2010;ES;F;ED3_4;23.6;56.3
2010;ES;M;ED3_4;23.3;69.2
2010;FI;F;ED3_4;41.9;71.5
2010;FI;M;ED3_4;47.7;74.5
2010;FR;F;ED3_4;39.7;64.3
2010;FR;M;ED3_4;44.1;73.6
2010;HR;F;ED3_4;54;56.4
2010;HR;M;ED3_4;63.7;67.9
2010;HU;F;ED3_4;54.4;54.6
2010;HU;M;ED3_4;62.7;65.5
2010;IE;F;ED3_4;35.9;61.1
2010;IE;M;ED3_4;36.6;69.9
2010;IT;F;ED3_4;40.4;49.5
2010;IT;M;ED3_4;41;72.7
2010;LT;F;ED3_4;52.3;65
2010;LT;M;ED3_4;60;63.5
2010;LU;F;ED3_4;41.5;62
2010;LU;M;ED3_4;40.1;79.2
2010;LV;F;ED3_4;56;64.5
2010;LV;M;ED3_4;59.8;64
2010;MT;F;ED3_4;23.9;41.6
2010;MT;M;ED3_4;27.2;78.2
2010;NL;F;ED3_4;40.9;69.8
2010;NL;M;ED3_4;40;82.5
2010;PL;F;ED3_4;59.6;57.3
2010;PL;M;ED3_4;65.5;71.3
2010;PT;F;ED3_4;19.2;65.6
2010;PT;M;ED3_4;18.4;75.4
2010;RO;F;ED3_4;53.9;56.5
2010;RO;M;ED3_4;61.1;73.1
2010;SE;F;ED3_4;42.7;75
2010;SE;M;ED3_4;50.7;81.1
2010;SI;F;ED3_4;53.5;66.5
2010;SI;M;ED3_4;63.9;74
2010;SK;F;ED3_4;65.8;57.4
2010;SK;M;ED3_4;71.6;71.9
2011;AT;F;ED3_4;58.6;69.2
2011;AT;M;ED3_4;62.6;79.2
2011;BE;F;ED3_4;36.5;61.5
2011;BE;M;ED3_4;38.9;73
2011;BG;F;ED3_4;51.5;59.8
2011;BG;M;ED3_4;60.3;66
2011;CY;F;ED3_4;35.5;67.7
2011;CY;M;ED3_4;40.6;79.6
2011;CZ;F;ED3_4;68;61.7
2011;CZ;M;ED3_4;72.4;79.9
2011;DE;F;ED3_4;58.1;71.3
2011;DE;M;ED3_4;57.2;81.7
2011;DK;F;ED3_4;38.2;71.4
2011;DK;M;ED3_4;44.4;78.3
2011;EE;F;ED3_4;46.3;67.8
2011;EE;M;ED3_4;56;73.5
2011;EL;F;ED3_4;42.1;48.7
2011;EL;M;ED3_4;39.2;70.8
2011;ES;F;ED3_4;24.1;56.1
2011;ES;M;ED3_4;23.4;67.7
2011;FI;F;ED3_4;41.5;71.9
2011;FI;M;ED3_4;47.6;75.6
2011;FR;F;ED3_4;40;64.1
2011;FR;M;ED3_4;44.2;73.6
2011;HR;F;ED3_4;55.3;53.6
2011;HR;M;ED3_4;64.7;66.1
2011;HU;F;ED3_4;53.7;54.7
2011;HU;M;ED3_4;61.9;66.4
2011;IE;F;ED3_4;36.1;60.2
2011;IE;M;ED3_4;36.9;68.9
2011;IT;F;ED3_4;41.4;49.9
2011;IT;M;ED3_4;41.4;72.5
2011;LT;F;ED3_4;52.5;66.6
2011;LT;M;ED3_4;60.3;67.2
2011;LU;F;ED3_4;39.6;61.9
2011;LU;M;ED3_4;38.9;78.1
2011;LV;F;ED3_4;54.5;65.3
2011;LV;M;ED3_4;59.4;67.5
2011;MT;F;ED3_4;25.7;43.8
2011;MT;M;ED3_4;26.4;79
2011;NL;F;ED3_4;40.6;70.4
2011;NL;M;ED3_4;40.3;82.4
2011;PL;F;ED3_4;59;57.2
2011;PL;M;ED3_4;65.4;71.9
2011;PT;F;ED3_4;20.9;64.6
2011;PT;M;ED3_4;19.7;73.2
2011;RO;F;ED3_4;53.7;56.2
2011;RO;M;ED3_4;60.7;71.5
2011;SE;F;ED3_4;42.2;76.5
2011;SE;M;ED3_4;50.8;82.1
2011;SI;F;ED3_4;53;64.8
2011;SI;M;ED3_4;64.1;71.8
2011;SK;F;ED3_4;64.6;57.4
2011;SK;M;ED3_4;71.3;72.5
2012;AT;F;ED3_4;58.5;69.6
2012;AT;M;ED3_4;63;79.3
2012;BE;F;ED3_4;36;61.7
2012;BE;M;ED3_4;38.7;72.7
2012;BG;F;ED3_4;51.9;60.2
2012;BG;M;ED3_4;60.8;65.8
2012;CY;F;ED3_4;36.1;64.8
2012;CY;M;ED3_4;41.4;76.1
2012;CZ;F;ED3_4;67.2;62.5
2012;CZ;M;ED3_4;71.9;80.2
2012;DE;F;ED3_4;57.4;71.6
2012;DE;M;ED3_4;57;82.1
2012;DK;F;ED3_4;38;71.1
2012;DK;M;ED3_4;44.8;77.5
2012;EE;F;ED3_4;46.5;69.4
2012;EE;M;ED3_4;55.9;75.1
2012;EL;F;ED3_4;42.4;45.2
2012;EL;M;ED3_4;40.1;65
2012;ES;F;ED3_4;24;54.6
2012;ES;M;ED3_4;23.2;64.6
2012;FI;F;ED3_4;42.1;72.5
2012;FI;M;ED3_4;48.6;75.5
2012;FR;F;ED3_4;39.9;64.6
2012;FR;M;ED3_4;43.9;73.5
2012;HR;F;ED3_4;56.7;52.6
2012;HR;M;ED3_4;65.5;63.7
2012;HU;F;ED3_4;53.3;56.2
2012;HU;M;ED3_4;61.9;67.3
2012;IE;F;ED3_4;35.4;60.2
2012;IE;M;ED3_4;36.8;68.8
2012;IT;F;ED3_4;41.9;50.5
2012;IT;M;ED3_4;41.8;71.5
2012;LT;F;ED3_4;52.3;67.9
2012;LT;M;ED3_4;60.7;69.1
2012;LU;F;ED3_4;39.2;64.1
2012;LU;M;ED3_4;37.3;78.5
2012;LV;F;ED3_4;54.6;66.4
2012;LV;M;ED3_4;60.5;70
2012;MT;F;ED3_4;25.5;48
2012;MT;M;ED3_4;27.5;79.4
2012;NL;F;ED3_4;40.7;71
2012;NL;M;ED3_4;40.6;82.3
2012;PL;F;ED3_4;58.5;57.5
2012;PL;M;ED3_4;65.1;72
2012;PT;F;ED3_4;22.6;63
2012;PT;M;ED3_4;20.7;69.8
2012;RO;F;ED3_4;53.8;56.7
2012;RO;M;ED3_4;60.7;72.8
2012;SE;F;ED3_4;41.8;76.8
2012;SE;M;ED3_4;50.2;81.9
2012;SI;F;ED3_4;52.2;64.6
2012;SI;M;ED3_4;63.5;71.8
2012;SK;F;ED3_4;64.6;57.3
2012;SK;M;ED3_4;71.5;72.8
2013;AT;F;ED3_4;58.1;70
2013;AT;M;ED3_4;62.3;79.1
2013;BE;F;ED3_4;36.7;62.1
2013;BE;M;ED3_4;39.5;72.3
2013;BG;F;ED3_4;51;60.7
2013;BG;M;ED3_4;60.4;66.4
2013;CY;F;ED3_4;36.6;62.2
2013;CY;M;ED3_4;42.1;72.6
2013;CZ;F;ED3_4;66.7;63.8
2013;CZ;M;ED3_4;71.2;81
2013;DE;F;ED3_4;57.3;72.5
2013;DE;M;ED3_4;56.9;82.1
2013;DK;F;ED3_4;38;71.2
2013;DK;M;ED3_4;44.3;77.5
2013;EE;F;ED3_4;47.2;70.1
2013;EE;M;ED3_4;56.8;76.7
2013;EL;F;ED3_4;42.7;43.3
2013;EL;M;ED3_4;40.2;62.7
2013;ES;F;ED3_4;24;53.8
2013;ES;M;ED3_4;22.9;63.4
2013;FI;F;ED3_4;42.3;71.9
2013;FI;M;ED3_4;48.9;74.7
2013;FR;F;ED3_4;40.8;64.9
2013;FR;M;ED3_4;45.6;73.2
2013;HR;F;ED3_4;56.2;52.8
2013;HR;M;ED3_4;64.9;61.6
2013;HU;F;ED3_4;53.5;56.9
2013;HU;M;ED3_4;62.2;69.3
2013;IE;F;ED3_4;35.2;61.3
2013;IE;M;ED3_4;37;71.8
2013;IT;F;ED3_4;42.1;49.9
2013;IT;M;ED3_4;42.2;69.7
2013;LT;F;ED3_4;51.7;68.6
2013;LT;M;ED3_4;60.2;71.2
2013;LU;F;ED3_4;38.7;63.9
2013;LU;M;ED3_4;38.5;78
2013;LV;F;ED3_4;53.2;67.7
2013;LV;M;ED3_4;59.9;71.9
2013;MT;F;ED3_4;26.8;51.7
2013;MT;M;ED3_4;28.7;80.3
2013;NL;F;ED3_4;41.5;70.6
2013;NL;M;ED3_4;41.7;81.1
2013;PL;F;ED3_4;57.9;57.6
2013;PL;M;ED3_4;64.7;72.1
2013;PT;F;ED3_4;23.4;62.3
2013;PT;M;ED3_4;22.6;68.7
2013;RO;F;ED3_4;53.9;56.5
2013;RO;M;ED3_4;60.8;72.8
2013;SE;F;ED3_4;41.3;77.2
2013;SE;M;ED3_4;49.9;82.2
2013;SI;F;ED3_4;51.7;63
2013;SI;M;ED3_4;62.3;71.2
2013;SK;F;ED3_4;64.2;57.8
2013;SK;M;ED3_4;70.9;72.2
2014;AT;F;ED3_4;50.1;70.1
2014;AT;M;ED3_4;54.7;78.3
2014;BE;F;ED3_4;36.2;62.9
2014;BE;M;ED3_4;39.4;71.6
2014;BG;F;ED3_4;49;62
2014;BG;M;ED3_4;58.4;68.1
2014;CY;F;ED3_4;34.3;63.9
2014;CY;M;ED3_4;41.1;71.6
2014;CZ;F;ED3_4;66;64.7
2014;CZ;M;ED3_4;71;82.2
2014;DE;F;ED3_4;58.7;73.1
2014;DE;M;ED3_4;55.6;82.2
2014;DK;F;ED3_4;39.4;71
2014;DK;M;ED3_4;44.3;78.4
2014;EE;F;ED3_4;46;70.6
2014;EE;M;ED3_4;53.5;78.3
2014;EL;F;ED3_4;43.2;44.3
2014;EL;M;ED3_4;41.3;62.6
2014;ES;F;ED3_4;24;54.8
2014;ES;M;ED3_4;23.7;65
2014;FI;F;ED3_4;42.1;72.1
2014;FI;M;ED3_4;48.3;74
2014;FR;F;ED3_4;41.1;65.6
2014;FR;M;ED3_4;46.5;73.1
2014;HR;F;ED3_4;56.2;54.2
2014;HR;M;ED3_4;64.8;64.2
2014;HU;F;ED3_4;53.7;60.2
2014;HU;M;ED3_4;61.8;73.5
2014;IE;F;ED3_4;37.1;62.3
2014;IE;M;ED3_4;39.1;74.1
2014;IT;F;ED3_4;42.6;50.3
2014;IT;M;ED3_4;42.8;69.7
2014;LT;F;ED3_4;50.6;70.6
2014;LT;M;ED3_4;58.3;73.1
2014;LU;F;ED3_4;35.3;65.5
2014;LU;M;ED3_4;35.8;78.4
2014;LV;F;ED3_4;53.5;68.5
2014;LV;M;ED3_4;60.7;73.1
2014;MT;F;ED3_4;27.7;54.3
2014;MT;M;ED3_4;29;81.1
2014;NL;F;ED3_4;40.8;69.7
2014;NL;M;ED3_4;42;81.1
2014;PL;F;ED3_4;57;59.4
2014;PL;M;ED3_4;64.4;73.6
2014;PT;F;ED3_4;24;64.2
2014;PT;M;ED3_4;23.9;71.3
2014;RO;F;ED3_4;51.9;57.3
2014;RO;M;ED3_4;57.3;74
2014;SE;F;ED3_4;40.5;77.6
2014;SE;M;ED3_4;49.4;82.2
2014;SI;F;ED3_4;50.5;63.6
2014;SI;M;ED3_4;62.2;71.6
2014;SK;F;ED3_4;63.4;58.6
2014;SK;M;ED3_4;69.9;73.2
2015;AT;F;ED3_4;49.8;70.2
2015;AT;M;ED3_4;54.8;78.4
2015;BE;F;ED3_4;36.8;63
2015;BE;M;ED3_4;40.6;71.3
2015;BG;F;ED3_4;48.9;63.8
2015;BG;M;ED3_4;58.4;70.4
2015;CY;F;ED3_4;34.9;64
2015;CY;M;ED3_4;41.6;72.3
2015;CZ;F;ED3_4;65;66.4
2015;CZ;M;ED3_4;70.5;83
2015;DE;F;ED3_4;57.9;73.6
2015;DE;M;ED3_4;54.9;82.3
2015;DK;F;ED3_4;39.1;71.5
2015;DK;M;ED3_4;44.6;79.3
2015;EE;F;ED3_4;44.3;72.6
2015;EE;M;ED3_4;54.8;80.5
2015;EL;F;ED3_4;43.3;46
2015;EL;M;ED3_4;42.8;64
2015;ES;F;ED3_4;24.5;56.4
2015;ES;M;ED3_4;24.3;67.6
2015;FI;F;ED3_4;41.9;71.8
2015;FI;M;ED3_4;48.6;73.9
2015;FR;F;ED3_4;41;66
2015;FR;M;ED3_4;46.3;73.2
2015;HR;F;ED3_4;54.8;55.9
2015;HR;M;ED3_4;65;65.4
2015;HU;F;ED3_4;53.1;62.1
2015;HU;M;ED3_4;61.3;75.8
2015;IE;F;ED3_4;36.1;63.8
2015;IE;M;ED3_4;39;76.1
2015;IT;F;ED3_4;42.5;50.6
2015;IT;M;ED3_4;42.8;70.6
2015;LT;F;ED3_4;48.7;72.2
2015;LT;M;ED3_4;57.6;74.6
2015;LU;F;ED3_4;34.5;65
2015;LU;M;ED3_4;34.5;76.7
2015;LV;F;ED3_4;51.6;70.5
2015;LV;M;ED3_4;61.4;74.6
2015;MT;F;ED3_4;29;55.3
2015;MT;M;ED3_4;30.4;82.1
2015;NL;F;ED3_4;40.8;70.8
2015;NL;M;ED3_4;41.4;81.9
2015;PL;F;ED3_4;56.3;60.9
2015;PL;M;ED3_4;64.3;74.7
2015;PT;F;ED3_4;24.5;65.9
2015;PT;M;ED3_4;25.3;72.6
2015;RO;F;ED3_4;52.8;57.2
2015;RO;M;ED3_4;58.3;74.7
2015;SE;F;ED3_4;39.5;78.3
2015;SE;M;ED3_4;49.2;82.5
2015;SI;F;ED3_4;49.5;64.7
2015;SI;M;ED3_4;62.1;73.3
2015;SK;F;ED3_4;62.9;60.3
2015;SK;M;ED3_4;70.2;75
2016;AT;F;ED3_4;48.9;70.9
2016;AT;M;ED3_4;54;78.7
2016;BE;F;ED3_4;36.4;63
2016;BE;M;ED3_4;40.8;72.3
2016;BG;F;ED3_4;48.8;64
2016;BG;M;ED3_4;58.5;71.3
2016;CY;F;ED3_4;34.7;64.1
2016;CY;M;ED3_4;42.3;73.8
2016;CZ;F;ED3_4;64.6;68.6
2016;CZ;M;ED3_4;69.4;84.6
2016;DE;F;ED3_4;57.4;74.5
2016;DE;M;ED3_4;54.1;82.7
2016;DK;F;ED3_4;39.5;72.5
2016;DK;M;ED3_4;43.9;79.4
2016;EE;F;ED3_4;44.4;72.6
2016;EE;M;ED3_4;54.2;80.8
2016;EL;F;ED3_4;43.1;46.8
2016;EL;M;ED3_4;43.9;65.8
2016;ES;F;ED3_4;24.9;58.1
2016;ES;M;ED3_4;24.6;69.6
2016;FI;F;ED3_4;41.7;71.7
2016;FI;M;ED3_4;49.3;75
2016;FR;F;ED3_4;41.3;66.4
2016;FR;M;ED3_4;46;73.8
2016;HR;F;ED3_4;54.6;56.6
2016;HR;M;ED3_4;64.3;66.2
2016;HU;F;ED3_4;53.4;64.6
2016;HU;M;ED3_4;62;78.6
2016;IE;F;ED3_4;36.3;65.4
2016;IE;M;ED3_4;38.8;77.5
2016;IT;F;ED3_4;42.6;51.6
2016;IT;M;ED3_4;42.9;71.7
2016;LT;F;ED3_4;48.6;74.3
2016;LT;M;ED3_4;58.7;76.2
2016;LU;F;ED3_4;35;65.1
2016;LU;M;ED3_4;35.8;76.1
2016;LV;F;ED3_4;50.4;71.8
2016;LV;M;ED3_4;61.2;74.7
2016;MT;F;ED3_4;31.6;58
2016;MT;M;ED3_4;31.9;83.5
2016;NL;F;ED3_4;40.7;71.6
2016;NL;M;ED3_4;41.4;82.6
2016;PL;F;ED3_4;55.9;62.2
2016;PL;M;ED3_4;64.5;76.4
2016;PT;F;ED3_4;25.3;67.4
2016;PT;M;ED3_4;26;74.2
2016;RO;F;ED3_4;54.2;57.4
2016;RO;M;ED3_4;59.5;75
2016;SE;F;ED3_4;38.4;79.2
2016;SE;M;ED3_4;48.7;83
2016;SI;F;ED3_4;48.7;66.7
2016;SI;M;ED3_4;62.2;73.3
2016;SK;F;ED3_4;62.2;62.7
2016;SK;M;ED3_4;69.8;76.9
2017;AT;F;ED3_4;48.6;71.4
2017;AT;M;ED3_4;53.3;79.4
2017;BE;F;ED3_4;35;63.6
2017;BE;M;ED3_4;39.3;73.4
2017;BG;F;ED3_4;49;67.3
2017;BG;M;ED3_4;59.1;75.3
2017;CY;F;ED3_4;34.9;66.2
2017;CY;M;ED3_4;43.3;75.7
2017;CZ;F;ED3_4;63.7;70.5
2017;CZ;M;ED3_4;69.2;86.3
2017;DE;F;ED3_4;57.2;75.2
2017;DE;M;ED3_4;53.8;83.1
2017;DK;F;ED3_4;39;73.2
2017;DK;M;ED3_4;43.3;79.9
2017;EE;F;ED3_4;43.3;75.1
2017;EE;M;ED3_4;53.7;82.4
2017;EL;F;ED3_4;42.9;48
2017;EL;M;ED3_4;44.3;67.7
2017;ES;F;ED3_4;25.2;59.6
2017;ES;M;ED3_4;24.7;71.5
2017;FI;F;ED3_4;41.3;72.4
2017;FI;M;ED3_4;49;75.9
2017;FR;F;ED3_4;41;66.8
2017;FR;M;ED3_4;45.8;74.6
2017;HR;F;ED3_4;54.9;58.3
2017;HR;M;ED3_4;64.2;68.9
2017;HU;F;ED3_4;53.8;65.7
2017;HU;M;ED3_4;62.4;81
2017;IE;F;ED3_4;37;67
2017;IE;M;ED3_4;38.5;79.1
2017;IT;F;ED3_4;42.2;52.5
2017;IT;M;ED3_4;43;72.3
2017;LT;F;ED3_4;48.4;75.5
2017;LT;M;ED3_4;58.2;76.5
2017;LU;F;ED3_4;34.4;67.5
2017;LU;M;ED3_4;36.4;75.4
2017;LV;F;ED3_4;50.1;72.7
2017;LV;M;ED3_4;59.7;77
2017;MT;F;ED3_4;32.4;60.6
2017;MT;M;ED3_4;32.3;84.7
2017;NL;F;ED3_4;40.9;72.8
2017;NL;M;ED3_4;41.7;83.3
2017;PL;F;ED3_4;55.3;63.6
2017;PL;M;ED3_4;64.3;78.2
2017;PT;F;ED3_4;26.4;69.8
2017;PT;M;ED3_4;26.8;77.3
2017;RO;F;ED3_4;55.1;60.2
2017;RO;M;ED3_4;60.3;77.3
2017;SE;F;ED3_4;37.8;79.8
2017;SE;M;ED3_4;47.8;83.8
2017;SI;F;ED3_4;47.7;69.7
2017;SI;M;ED3_4;61.2;76.9
2017;SK;F;ED3_4;60.4;64.7
2017;SK;M;ED3_4;68.6;77.5
2018;AT;F;ED3_4;49.1;71.7
2018;AT;M;ED3_4;53;80.7
2018;BE;F;ED3_4;35.2;65.5
2018;BE;M;ED3_4;40.2;73.9
2018;BG;F;ED3_4;48.9;68.3
2018;BG;M;ED3_4;58.3;76.5
2018;CY;F;ED3_4;35;68.9
2018;CY;M;ED3_4;42.6;79.3
2018;CZ;F;ED3_4;63.4;72.2
2018;CZ;M;ED3_4;68.9;87.4
2018;DE;F;ED3_4;56.8;75.8
2018;DE;M;ED3_4;53.6;83.9
2018;DK;F;ED3_4;38.7;73.9
2018;DK;M;ED3_4;43.2;80.9
2018;EE;F;ED3_4;41.8;75.6
2018;EE;M;ED3_4;52.9;83.4
2018;EL;F;ED3_4;43;49.1
2018;EL;M;ED3_4;44.3;70.1
2018;ES;F;ED3_4;25.7;61
2018;ES;M;ED3_4;24.6;73.1
2018;FI;F;ED3_4;40.9;74.5
2018;FI;M;ED3_4;49.1;78.2
2018;FR;F;ED3_4;40.4;67.6
2018;FR;M;ED3_4;45.3;75.2
2018;HR;F;ED3_4;54.8;60.1
2018;HR;M;ED3_4;63.8;70.3
2018;HU;F;ED3_4;53.9;66.8
2018;HU;M;ED3_4;62.3;82.1
2018;IE;F;ED3_4;36.8;68.1
2018;IE;M;ED3_4;39.3;80.3
2018;IT;F;ED3_4;42.1;53.1
2018;IT;M;ED3_4;43.1;72.9
2018;LT;F;ED3_4;47.3;76.7
2018;LT;M;ED3_4;57.5;79
2018;LU;F;ED3_4;33.3;68
2018;LU;M;ED3_4;34.9;76
2018;LV;F;ED3_4;49.9;74.8
2018;LV;M;ED3_4;59.7;79
2018;MT;F;ED3_4;31.2;64.1
2018;MT;M;ED3_4;33.6;86
2018;NL;F;ED3_4;40.4;74.2
2018;NL;M;ED3_4;41.5;84.3
2018;PL;F;ED3_4;54.6;65
2018;PL;M;ED3_4;64;79.4
2018;PT;F;ED3_4;27.4;72.1
2018;PT;M;ED3_4;27.8;78.9
2018;RO;F;ED3_4;55.7;60.6
2018;RO;M;ED3_4;60.7;78.9
2018;SE;F;ED3_4;37.1;80.2
2018;SE;M;ED3_4;46.6;84.4
2018;SI;F;ED3_4;48.7;71.7
2018;SI;M;ED3_4;60.7;79
2018;SK;F;ED3_4;59.4;65.5
2018;SK;M;ED3_4;67.7;79.2
2019;AT;F;ED3_4;48.3;72.4
2019;AT;M;ED3_4;52;81.2
2019;BE;F;ED3_4;35.9;66.5
2019;BE;M;ED3_4;40.3;74.5
2019;BG;F;ED3_4;48.6;70.7
2019;BG;M;ED3_4;58.2;79.3
2019;CY;F;ED3_4;34.5;70.1
2019;CY;M;ED3_4;42.8;81.7
2019;CZ;F;ED3_4;63.5;72.7
2019;CZ;M;ED3_4;68.6;87.7
2019;DE;F;ED3_4;56.1;76.6
2019;DE;M;ED3_4;52.9;84.6
2019;DK;F;ED3_4;38.4;74.7
2019;DK;M;ED3_4;43.1;81.9
2019;EE;F;ED3_4;41.4;76.3
2019;EE;M;ED3_4;54.1;84
2019;EL;F;ED3_4;44.4;51.3
2019;EL;M;ED3_4;48.3;71.3
2019;ES;F;ED3_4;25.8;62.1
2019;ES;M;ED3_4;24.7;74
2019;FI;F;ED3_4;40.2;75.8
2019;FI;M;ED3_4;48.8;78.5
2019;FR;F;ED3_4;40.7;68.1
2019;FR;M;ED3_4;45.1;75.2
2019;HR;F;ED3_4;54.4;61.5
2019;HR;M;ED3_4;65.3;72
2019;HU;F;ED3_4;52.8;67.6
2019;HU;M;ED3_4;62.4;83.1
2019;IE;F;ED3_4;37.2;69
2019;IE;M;ED3_4;39.4;81.4
2019;IT;F;ED3_4;42.4;53.8
2019;IT;M;ED3_4;43.1;73.4
2019;LT;F;ED3_4;45.8;77.4
2019;LT;M;ED3_4;56.3;79
2019;LU;F;ED3_4;30.6;68.1
2019;LU;M;ED3_4;33.9;77.2
2019;LV;F;ED3_4;49;75.5
2019;LV;M;ED3_4;58.8;79.3
2019;MT;F;ED3_4;30.5;65.8
2019;MT;M;ED3_4;33.5;86.5
2019;NL;F;ED3_4;39.4;75.5
2019;NL;M;ED3_4;40.1;84.8
2019;PL;F;ED3_4;53.9;65.3
2019;PL;M;ED3_4;63;80.7
2019;PT;F;ED3_4;28.4;72.7
2019;PT;M;ED3_4;29;79.9
2019;RO;F;ED3_4;56.4;61.3
2019;RO;M;ED3_4;61.3;80.3
2019;SE;F;ED3_4;36.4;79.7
2019;SE;M;ED3_4;46.2;84.4
2019;SI;F;ED3_4;48.5;72.9
2019;SI;M;ED3_4;60.9;79.7
2019;SK;F;ED3_4;57.9;66.9
2019;SK;M;ED3_4;66.7;79.9
