ISCED11;Country;Year;MoneyF;MoneyM;IncomeDifferences;GenderWageGap
ED0-2;AT; 2005;16254;17085;831,0;2,492576262
ED0-2;AT; 2006;16359;16491;132,0;0,401826484
ED0-2;AT; 2007;16839;16865;26,0;0,077142179
ED0-2;AT; 2008;17767;18355;588,0;1,6278168429
ED0-2;AT; 2009;19022;18848;-174,0;-0,4594665963
ED0-2;AT; 2010;19110;20148;1038,0;2,6440470732
ED0-2;AT; 2011;20206;19700;-506,0;-1,2679797524
ED0-2;AT; 2012;20213;20650;437,0;1,0694271101
ED0-2;AT; 2013;20302;20671;369,0;0,9005930735
ED0-2;AT; 2014;20809;21228;419,0;0,9967409663
ED0-2;AT; 2015;20788;21450;662,0;1,5673090582
ED0-2;AT; 2016;20688;20438;-250,0;-0,6078879541
ED0-2;AT; 2017;21786;21976;190,0;0,4341666286
ED0-2;AT; 2018;22337;22518;181,0;0,4035224613
ED0-2;AT; 2019;23492;22346;-1146,0;-2,5001090798
ED0-2;BE; 2005;15279;16164;885,0;2,8146169259
ED0-2;BE; 2006;15742;16424;682,0;2,1202511969
ED0-2;BE; 2007;16069;16658;589,0;1,79973722
ED0-2;BE; 2008;16374;17300;926,0;2,7498960622
ED0-2;BE; 2009;17127;18340;1213,0;3,4200806383
ED0-2;BE; 2010;16788;18282;1494,0;4,2600513259
ED0-2;BE; 2011;16810;17906;1096,0;3,1570457426
ED0-2;BE; 2012;16733;18107;1374,0;3,9437428243
ED0-2;BE; 2013;17598;19203;1605,0;4,36129453
ED0-2;BE; 2014;17562;18778;1216,0;3,3461750138
ED0-2;BE; 2015;17439;18904;1465,0;4,0310376138
ED0-2;BE; 2016;17735;19557;1822,0;4,8857663842
ED0-2;BE; 2017;17740;19771;2031,0;5,4144117725
ED0-2;BE; 2018;18264;20477;2213,0;5,7122944684
ED0-2;BE; 2019;-1;-1;0,0;-0,0
ED0-2;BG; 2005;-1;-1;0,0;-0,0
ED0-2;BG; 2006;1105;1174;69,0;3,0276437034
ED0-2;BG; 2007;1155;1193;38,0;1,6183986371
ED0-2;BG; 2008;1970;2077;107,0;2,6439337781
ED0-2;BG; 2009;2358;2445;87,0;1,8113678951
ED0-2;BG; 2010;2245;2484;239,0;5,0539226052
ED0-2;BG; 2011;2021;2172;151,0;3,6012401622
ED0-2;BG; 2012;2102;2178;76,0;1,7757009346
ED0-2;BG; 2013;2096;2111;15,0;0,3565486095
ED0-2;BG; 2014;2268;2411;143,0;3,0562085916
ED0-2;BG; 2015;2425;2446;21,0;0,4311229727
ED0-2;BG; 2016;2091;2241;150,0;3,4626038781
ED0-2;BG; 2017;2352;2495;143,0;2,9502785228
ED0-2;BG; 2018;2494;2520;26,0;0,5185480654
ED0-2;BG; 2019;2797;2934;137,0;2,3905077648
ED0-2;CY; 2005;12506;12516;10,0;0,0399648309
ED0-2;CY; 2006;13678;14144;466,0;1,6749335059
ED0-2;CY; 2007;14872;15192;320,0;1,0643959553
ED0-2;CY; 2008;15085;15518;433,0;1,4148939646
ED0-2;CY; 2009;15727;17030;1303,0;3,9777757426
ED0-2;CY; 2010;15148;16160;1012,0;3,2324006644
ED0-2;CY; 2011;16113;16780;667,0;2,0277870672
ED0-2;CY; 2012;15779;16092;313,0;0,9820840262
ED0-2;CY; 2013;14804;14916;112,0;0,3768506057
ED0-2;CY; 2014;13893;13379;-514,0;-1,8847169258
ED0-2;CY; 2015;12664;12133;-531,0;-2,1413880711
ED0-2;CY; 2016;12697;12526;-171,0;-0,6779526623
ED0-2;CY; 2017;13054;12573;-481,0;-1,8769266789
ED0-2;CY; 2018;13418;13155;-263,0;-0,989726414
ED0-2;CY; 2019;14021;14421;400,0;1,40637086
ED0-2;CZ; 2005;3915;3818;-97,0;-1,2543644123
ED0-2;CZ; 2006;4389;4292;-97,0;-1,11738279
ED0-2;CZ; 2007;4977;4914;-63,0;-0,6369426752
ED0-2;CZ; 2008;5555;5611;56,0;0,501522479
ED0-2;CZ; 2009;6554;6585;31,0;0,2359388081
ED0-2;CZ; 2010;6396;6118;-278,0;-2,2215119067
ED0-2;CZ; 2011;6757;6371;-386,0;-2,9402803169
ED0-2;CZ; 2012;6905;7191;286,0;2,0289443814
ED0-2;CZ; 2013;6683;6774;91,0;0,6762279854
ED0-2;CZ; 2014;6592;6782;190,0;1,4206669658
ED0-2;CZ; 2015;6324;6292;-32,0;-0,2536461636
ED0-2;CZ; 2016;6605;6971;366,0;2,6959340012
ED0-2;CZ; 2017;7214;7260;46,0;0,3178112478
ED0-2;CZ; 2018;7764;8130;366,0;2,3027557569
ED0-2;CZ; 2019;8660;9476;816,0;4,4993383326
ED0-2;DE; 2005;17080;17334;254,0;0,738071715
ED0-2;DE; 2006;16294;16296;2,0;0,0061368518
ED0-2;DE; 2007;16399;17290;891,0;2,6447801953
ED0-2;DE; 2008;17576;17530;-46,0;-0,1310317325
ED0-2;DE; 2009;17037;17162;125,0;0,3655077634
ED0-2;DE; 2010;16761;17366;605,0;1,7727898731
ED0-2;DE; 2011;16759;17749;990,0;2,8688999652
ED0-2;DE; 2012;17277;17493;216,0;0,6212251941
ED0-2;DE; 2013;17191;17929;738,0;2,1013667426
ED0-2;DE; 2014;16602;16492;-110,0;-0,3323865353
ED0-2;DE; 2015;17161;17410;249,0;0,7202568627
ED0-2;DE; 2016;16932;18302;1370,0;3,8882897202
ED0-2;DE; 2017;17899;18342;443,0;1,2223724511
ED0-2;DE; 2018;18702;19898;1196,0;3,0984455959
ED0-2;DE; 2019;18829;20241;1412,0;3,614026107
ED0-2;DK; 2005;21467;23073;1606,0;3,6057476426
ED0-2;DK; 2006;22751;23078;327,0;0,7135220057
ED0-2;DK; 2007;22629;24157;1528,0;3,2659342538
ED0-2;DK; 2008;24306;25026;720,0;1,4594989054
ED0-2;DK; 2009;24079;24658;579,0;1,1880091101
ED0-2;DK; 2010;26104;25635;-469,0;-0,9064728735
ED0-2;DK; 2011;27762;27434;-328,0;-0,5942459599
ED0-2;DK; 2012;26100;26887;787,0;1,4852699719
ED0-2;DK; 2013;26827;26949;122,0;0,2268670039
ED0-2;DK; 2014;28339;28375;36,0;0,0634763903
ED0-2;DK; 2015;28940;28097;-843,0;-1,4779879727
ED0-2;DK; 2016;28804;30012;1208,0;2,0538628945
ED0-2;DK; 2017;28350;29070;720,0;1,2539184953
ED0-2;DK; 2018;31130;30340;-790,0;-1,2851797625
ED0-2;DK; 2019;34097;31792;-2305,0;-3,49830776
ED0-2;EE; 2005;2854;2806;-48,0;-0,8480565371
ED0-2;EE; 2006;3398;3583;185,0;2,6500501361
ED0-2;EE; 2007;4156;4404;248,0;2,8971962617
ED0-2;EE; 2008;4678;5911;1233,0;11,644159033
ED0-2;EE; 2009;5479;6068;589,0;5,1008920066
ED0-2;EE; 2010;5219;5707;488,0;4,4664103972
ED0-2;EE; 2011;4846;5058;212,0;2,140549273
ED0-2;EE; 2012;5283;5503;220,0;2,0396810681
ED0-2;EE; 2013;5967;6652;685,0;5,428322371
ED0-2;EE; 2014;6620;7145;525,0;3,8140210679
ED0-2;EE; 2015;6996;7311;315,0;2,201719438
ED0-2;EE; 2016;7466;8282;816,0;5,1816103632
ED0-2;EE; 2017;8001;8806;805,0;4,7896709704
ED0-2;EE; 2018;8907;9642;735,0;3,9624777616
ED0-2;EE; 2019;9723;10304;581,0;2,9010835372
ED0-2;EL; 2005;8835;9181;346,0;1,9205150977
ED0-2;EL; 2006;9474;9600;126,0;0,6605850897
ED0-2;EL; 2007;9801;9853;52,0;0,2645771853
ED0-2;EL; 2008;9906;10041;135,0;0,6767935028
ED0-2;EL; 2009;10456;10439;-17,0;-0,0813591768
ED0-2;EL; 2010;10830;10568;-262,0;-1,2244134966
ED0-2;EL; 2011;9905;9613;-292,0;-1,4960549237
ED0-2;EL; 2012;7984;8117;133,0;0,82603565
ED0-2;EL; 2013;6940;6861;-79,0;-0,5724222882
ED0-2;EL; 2014;6512;6356;-156,0;-1,2123096052
ED0-2;EL; 2015;6614;6304;-310,0;-2,3997522836
ED0-2;EL; 2016;6527;6195;-332,0;-2,6096525704
ED0-2;EL; 2017;6780;6570;-210,0;-1,5730337079
ED0-2;EL; 2018;7005;6779;-226,0;-1,6395821242
ED0-2;EL; 2019;7432;7337;-95,0;-0,6432392173
ED0-2;ES; 2005;10337;10807;470,0;2,2228528188
ED0-2;ES; 2006;10730;11167;437,0;1,9957071745
ED0-2;ES; 2007;11309;11909;600,0;2,5842019123
ED0-2;ES; 2008;13812;13908;96,0;0,3463203463
ED0-2;ES; 2009;14257;14526;269,0;0,9345794393
ED0-2;ES; 2010;14152;14116;-36,0;-0,1273524834
ED0-2;ES; 2011;13314;13413;99,0;0,370411943
ED0-2;ES; 2012;13043;13068;25,0;0,0957450883
ED0-2;ES; 2013;12466;12551;85,0;0,3397689571
ED0-2;ES; 2014;11805;11855;50,0;0,2113271344
ED0-2;ES; 2015;11566;11716;150,0;0,6442745469
ED0-2;ES; 2016;11742;11940;198,0;0,8360780339
ED0-2;ES; 2017;12274;12503;229,0;0,9242442588
ED0-2;ES; 2018;12840;12826;-14,0;-0,0545468713
ED0-2;ES; 2019;13186;13309;123,0;0,4642385356
ED0-2;FI; 2005;18323;18164;-159,0;-0,4357716447
ED0-2;FI; 2006;18277;18568;291,0;0,7897950875
ED0-2;FI; 2007;18564;19485;921,0;2,4205629583
ED0-2;FI; 2008;19778;20802;1024,0;2,5234105471
ED0-2;FI; 2009;21188;21228;40,0;0,0943040362
ED0-2;FI; 2010;21056;21397;341,0;0,8032412315
ED0-2;FI; 2011;21840;21842;2,0;0,0045785449
ED0-2;FI; 2012;23055;22800;-255,0;-0,5561007524
ED0-2;FI; 2013;22513;23487;974,0;2,1173913043
ED0-2;FI; 2014;23058;23574;516,0;1,1065362841
ED0-2;FI; 2015;22417;23187;770,0;1,6884483817
ED0-2;FI; 2016;22559;23792;1233,0;2,6601367824
ED0-2;FI; 2017;22907;25100;2193,0;4,5680838211
ED0-2;FI; 2018;22956;25317;2361,0;4,8909328196
ED0-2;FI; 2019;22447;25203;2756,0;5,7838405037
ED0-2;FR; 2005;15508;16099;591,0;1,8698389597
ED0-2;FR; 2006;15750;16403;653,0;2,0309146891
ED0-2;FR; 2007;15858;16656;798,0;2,4543273667
ED0-2;FR; 2008;19081;19725;644,0;1,659537185
ED0-2;FR; 2009;18829;20081;1252,0;3,2176818299
ED0-2;FR; 2010;19041;20581;1540,0;3,8867295947
ED0-2;FR; 2011;19199;20584;1385,0;3,4813865219
ED0-2;FR; 2012;19577;21625;2048,0;4,9706324936
ED0-2;FR; 2013;18737;21868;3131,0;7,7108730452
ED0-2;FR; 2014;19485;22133;2648,0;6,3626315537
ED0-2;FR; 2015;19681;22152;2471,0;5,9068199747
ED0-2;FR; 2016;19744;21864;2120,0;5,095174005
ED0-2;FR; 2017;19510;22919;3409,0;8,0345989771
ED0-2;FR; 2018;20964;22190;1226,0;2,8409880892
ED0-2;FR; 2019;-1;-1;0,0;-0,0
ED0-2;HR; 2005;-1;-1;0,0;-0,0
ED0-2;HR; 2006;-1;-1;0,0;-0,0
ED0-2;HR; 2007;-1;-1;0,0;-0,0
ED0-2;HR; 2008;-1;-1;0,0;-0,0
ED0-2;HR; 2009;-1;-1;0,0;-0,0
ED0-2;HR; 2010;5081;4794;-287,0;-2,9063291139
ED0-2;HR; 2011;4761;4528;-233,0;-2,5083432016
ED0-2;HR; 2012;4644;4301;-343,0;-3,8345444382
ED0-2;HR; 2013;4421;4089;-332,0;-3,9012925969
ED0-2;HR; 2014;4501;4235;-266,0;-3,0448717949
ED0-2;HR; 2015;4555;4371;-184,0;-2,0613936814
ED0-2;HR; 2016;4883;4589;-294,0;-3,1038851351
ED0-2;HR; 2017;5122;5042;-80,0;-0,7870916962
ED0-2;HR; 2018;5498;5348;-150,0;-1,3829983404
ED0-2;HR; 2019;6056;5910;-146,0;-1,2201236838
ED0-2;HU; 2005;3107;3060;-47,0;-0,7621209664
ED0-2;HU; 2006;3295;3141;-154,0;-2,3927905531
ED0-2;HU; 2007;3406;3390;-16,0;-0,2354326074
ED0-2;HU; 2008;3795;3720;-75,0;-0,998003992
ED0-2;HU; 2009;4109;3938;-171,0;-2,1250155337
ED0-2;HU; 2010;3554;3567;13,0;0,1825586294
ED0-2;HU; 2011;3653;3581;-72,0;-0,9952999724
ED0-2;HU; 2012;3706;3559;-147,0;-2,0233998624
ED0-2;HU; 2013;3423;3312;-111,0;-1,6481069042
ED0-2;HU; 2014;3475;3427;-48,0;-0,695450594
ED0-2;HU; 2015;3505;3451;-54,0;-0,7763082231
ED0-2;HU; 2016;3911;3936;25,0;0,3185930929
ED0-2;HU; 2017;4173;4157;-16,0;-0,1920768307
ED0-2;HU; 2018;4305;4356;51,0;0,5888465535
ED0-2;HU; 2019;4942;4838;-104,0;-1,063394683
ED0-2;IE; 2005;17551;18996;1445,0;3,9538128985
ED0-2;IE; 2006;18260;21465;3205,0;8,067967275
ED0-2;IE; 2007;20194;21709;1515,0;3,6154929241
ED0-2;IE; 2008;21098;22391;1293,0;2,9731656281
ED0-2;IE; 2009;20919;21619;700,0;1,6455874747
ED0-2;IE; 2010;19592;20425;833,0;2,0816153135
ED0-2;IE; 2011;17850;18610;760,0;2,0844761382
ED0-2;IE; 2012;17753;18398;645,0;1,7841830102
ED0-2;IE; 2013;17327;18118;791,0;2,2316264635
ED0-2;IE; 2014;17582;18910;1328,0;3,6391537871
ED0-2;IE; 2015;18569;20185;1616,0;4,1698921402
ED0-2;IE; 2016;18739;20217;1478,0;3,7940240271
ED0-2;IE; 2017;19825;21431;1606,0;3,8927671127
ED0-2;IE; 2018;20642;22855;2213,0;5,0877071982
ED0-2;IE; 2019;-1;-1;0,0;-0,0
ED0-2;IT; 2005;14274;14939;665,0;2,2763838017
ED0-2;IT; 2006;14485;14809;324,0;1,1060285383
ED0-2;IT; 2007;14527;15407;880,0;2,9398008953
ED0-2;IT; 2008;14918;15783;865,0;2,8174978014
ED0-2;IT; 2009;14873;15829;956,0;3,113803661
ED0-2;IT; 2010;15461;16082;621,0;1,9687410836
ED0-2;IT; 2011;14910;15712;802,0;2,6190320684
ED0-2;IT; 2012;14909;15682;773,0;2,5268869929
ED0-2;IT; 2013;14457;15473;1016,0;3,3945873705
ED0-2;IT; 2014;14365;14814;449,0;1,5387778882
ED0-2;IT; 2015;14129;14801;672,0;2,3228482544
ED0-2;IT; 2016;14004;14728;724,0;2,5198385076
ED0-2;IT; 2017;14567;15096;529,0;1,7833664835
ED0-2;IT; 2018;14774;15570;796,0;2,6232533615
ED0-2;IT; 2019;-1;-1;0,0;-0,0
ED0-2;LT; 2005;1799;1900;101,0;2,730467694
ED0-2;LT; 2006;2007;2210;203,0;4,8138487076
ED0-2;LT; 2007;2610;3080;470,0;8,2601054482
ED0-2;LT; 2008;3114;3759;645,0;9,3845482322
ED0-2;LT; 2009;3570;4172;602,0;7,7757685353
ED0-2;LT; 2010;3401;3257;-144,0;-2,1628116552
ED0-2;LT; 2011;3066;3162;96,0;1,5414258189
ED0-2;LT; 2012;3484;3574;90,0;1,2751487674
ED0-2;LT; 2013;3610;4068;458,0;5,9650950768
ED0-2;LT; 2014;4001;4133;132,0;1,6228178018
ED0-2;LT; 2015;4683;4274;-409,0;-4,5662610249
ED0-2;LT; 2016;4691;4763;72,0;0,761582399
ED0-2;LT; 2017;4783;5216;433,0;4,3304330433
ED0-2;LT; 2018;5735;6007;272,0;2,3164707886
ED0-2;LT; 2019;7507;6398;-1109,0;-7,9755483639
ED0-2;LU; 2005;26607;25526;-1081,0;-2,0735426697
ED0-2;LU; 2006;27270;26819;-451,0;-0,8338109412
ED0-2;LU; 2007;28283;27525;-758,0;-1,358228211
ED0-2;LU; 2008;28575;28486;-89,0;-0,1559734319
ED0-2;LU; 2009;28689;28677;-12,0;-0,020918314
ED0-2;LU; 2010;29455;29612;157,0;0,2657998544
ED0-2;LU; 2011;28915;29275;360,0;0,6186630005
ED0-2;LU; 2012;28722;28611;-111,0;-0,1936057768
ED0-2;LU; 2013;28873;29665;792,0;1,3529673033
ED0-2;LU; 2014;29287;29557;270,0;0,4588403236
ED0-2;LU; 2015;30229;30190;-39,0;-0,0645492312
ED0-2;LU; 2016;30354;30004;-350,0;-0,5798734219
ED0-2;LU; 2017;31091;31689;598,0;0,9525326537
ED0-2;LU; 2018;35133;36634;1501,0;2,0914905179
ED0-2;LU; 2019;-1;-1;0,0;-0,0
ED0-2;LV; 2005;1809;2043;234,0;6,0747663551
ED0-2;LV; 2006;2126;2243;117,0;2,6779583429
ED0-2;LV; 2007;2811;3417;606,0;9,7302504817
ED0-2;LV; 2008;3940;4810;870,0;9,9428571429
ED0-2;LV; 2009;4360;5224;864,0;9,0150250417
ED0-2;LV; 2010;3848;3953;105,0;1,3459812845
ED0-2;LV; 2011;3529;3758;229,0;3,1425826815
ED0-2;LV; 2012;3578;4041;463,0;6,0769129807
ED0-2;LV; 2013;3793;4279;486,0;6,0208126858
ED0-2;LV; 2014;4028;4567;539,0;6,2710878418
ED0-2;LV; 2015;4415;5243;828,0;8,5732035618
ED0-2;LV; 2016;4974;5538;564,0;5,3652968037
ED0-2;LV; 2017;5286;5801;515,0;4,6450798232
ED0-2;LV; 2018;5839;6133;294,0;2,4557300368
ED0-2;LV; 2019;6572;7118;546,0;3,988312637
ED0-2;MT; 2005;9233;9440;207,0;1,1085524554
ED0-2;MT; 2006;9400;9786;386,0;2,0118836652
ED0-2;MT; 2007;9397;9907;510,0;2,6419394944
ED0-2;MT; 2008;10355;10803;448,0;2,117402401
ED0-2;MT; 2009;11027;11224;197,0;0,8853534673
ED0-2;MT; 2010;10868;11034;166,0;0,757921651
ED0-2;MT; 2011;10948;11311;363,0;1,6308010243
ED0-2;MT; 2012;11404;11785;381,0;1,6430203976
ED0-2;MT; 2013;11530;12071;541,0;2,292275751
ED0-2;MT; 2014;12132;12671;539,0;2,1731242188
ED0-2;MT; 2015;12684;13295;611,0;2,3518996112
ED0-2;MT; 2016;12849;13451;602,0;2,288973384
ED0-2;MT; 2017;13475;14238;763,0;2,7532205102
ED0-2;MT; 2018;13844;14584;740,0;2,6030673983
ED0-2;MT; 2019;14318;15234;916,0;3,099621007
ED0-2;NL; 2005;16949;17198;249,0;0,7292002226
ED0-2;NL; 2006;17748;17779;31,0;0,0872575787
ED0-2;NL; 2007;18063;19850;1787,0;4,7134228365
ED0-2;NL; 2008;19732;19710;-22,0;-0,0557781046
ED0-2;NL; 2009;20311;20256;-55,0;-0,1355781793
ED0-2;NL; 2010;19891;20202;311,0;0,7756965056
ED0-2;NL; 2011;19648;20238;590,0;1,4792157649
ED0-2;NL; 2012;19915;20427;512,0;1,2691487779
ED0-2;NL; 2013;19827;20750;923,0;2,2746876309
ED0-2;NL; 2014;19620;20773;1153,0;2,8544549798
ED0-2;NL; 2015;19743;20697;954,0;2,3590504451
ED0-2;NL; 2016;21239;22371;1132,0;2,5957349232
ED0-2;NL; 2017;22304;22851;547,0;1,2113830141
ED0-2;NL; 2018;22578;23949;1371,0;2,9466761235
ED0-2;NL; 2019;23223;24511;1288,0;2,6982863368
ED0-2;PL; 2005;2205;2077;-128,0;-2,9892573564
ED0-2;PL; 2006;2658;2567;-91,0;-1,7416267943
ED0-2;PL; 2007;2934;2948;14,0;0,2380142809
ED0-2;PL; 2008;3562;3507;-55,0;-0,7780449851
ED0-2;PL; 2009;4249;4328;79,0;0,9210679725
ED0-2;PL; 2010;3624;3574;-50,0;-0,6946373993
ED0-2;PL; 2011;4210;4149;-61,0;-0,7297523627
ED0-2;PL; 2012;4178;4284;106,0;1,2526589459
ED0-2;PL; 2013;4260;4124;-136,0;-1,6221374046
ED0-2;PL; 2014;4306;4155;-151,0;-1,7846590238
ED0-2;PL; 2015;4391;4345;-46,0;-0,5265567766
ED0-2;PL; 2016;4719;4647;-72,0;-0,7687379885
ED0-2;PL; 2017;4896;4897;1,0;0,0102113755
ED0-2;PL; 2018;5246;5416;170,0;1,5944475708
ED0-2;PL; 2019;5838;5860;22,0;0,1880663361
ED0-2;PT; 2005;7796;7889;93,0;0,592923175
ED0-2;PT; 2006;7961;7964;3,0;0,0188383046
ED0-2;PT; 2007;8295;8433;138,0;0,824964132
ED0-2;PT; 2008;8739;9043;304,0;1,7095939714
ED0-2;PT; 2009;8586;8901;315,0;1,8013381369
ED0-2;PT; 2010;8941;9362;421,0;2,3001693711
ED0-2;PT; 2011;8630;9045;415,0;2,3479490806
ED0-2;PT; 2012;8533;8794;261,0;1,5063196168
ED0-2;PT; 2013;8176;8386;210,0;1,2679628064
ED0-2;PT; 2014;7784;8176;392,0;2,4561403509
ED0-2;PT; 2015;7775;8154;379,0;2,37930818
ED0-2;PT; 2016;8150;8582;432,0;2,5818790342
ED0-2;PT; 2017;8352;8774;422,0;2,4640896882
ED0-2;PT; 2018;8688;8983;295,0;1,6694018448
ED0-2;PT; 2019;9314;9634;320,0;1,6888325945
ED0-2;RO; 2005;-1;-1;0,0;-0,0
ED0-2;RO; 2006;-1;-1;0,0;-0,0
ED0-2;RO; 2007;1360;1288;-72,0;-2,7190332326
ED0-2;RO; 2008;1675;1545;-130,0;-4,0372670807
ED0-2;RO; 2009;1791;1649;-142,0;-4,1279069767
ED0-2;RO; 2010;1675;1540;-135,0;-4,199066874
ED0-2;RO; 2011;1642;1474;-168,0;-5,3915275995
ED0-2;RO; 2012;1566;1450;-116,0;-3,8461538462
ED0-2;RO; 2013;1538;1426;-112,0;-3,7786774629
ED0-2;RO; 2014;1555;1444;-111,0;-3,7012337446
ED0-2;RO; 2015;1975;2003;28,0;0,7038712921
ED0-2;RO; 2016;2102;2052;-50,0;-1,2036591237
ED0-2;RO; 2017;2059;1876;-183,0;-4,6505717916
ED0-2;RO; 2018;2379;2260;-119,0;-2,565208019
ED0-2;RO; 2019;2702;2405;-297,0;-5,815547288
ED0-2;SE; 2005;18469;18354;-115,0;-0,3123048095
ED0-2;SE; 2006;18224;18923;699,0;1,8817131935
ED0-2;SE; 2007;19217;20074;857,0;2,1811610801
ED0-2;SE; 2008;19467;20997;1530,0;3,78113879
ED0-2;SE; 2009;19253;20958;1705,0;4,2401332969
ED0-2;SE; 2010;18469;19482;1013,0;2,6692313773
ED0-2;SE; 2011;20194;22220;2026,0;4,7767246664
ED0-2;SE; 2012;22920;24147;1227,0;2,6069220473
ED0-2;SE; 2013;23111;25143;2032,0;4,2110498612
ED0-2;SE; 2014;24611;24280;-331,0;-0,6770162198
ED0-2;SE; 2015;23190;23879;689,0;1,4638084514
ED0-2;SE; 2016;22726;23451;725,0;1,5700456937
ED0-2;SE; 2017;22806;23365;559,0;1,2107166836
ED0-2;SE; 2018;22938;23398;460,0;0,9927486188
ED0-2;SE; 2019;20634;20953;319,0;0,7670666314
ED0-2;SI; 2005;7862;7770;-92,0;-0,5885363357
ED0-2;SI; 2006;8363;8385;22,0;0,1313589682
ED0-2;SI; 2007;8786;8865;79,0;0,4475667101
ED0-2;SI; 2008;9650;9653;3,0;0,0155416257
ED0-2;SI; 2009;10606;10736;130,0;0,6091275419
ED0-2;SI; 2010;10080;10286;206,0;1,0114897378
ED0-2;SI; 2011;10415;10520;105,0;0,5015524242
ED0-2;SI; 2012;10334;10534;200,0;0,9584052137
ED0-2;SI; 2013;9952;10332;380,0;1,8733977519
ED0-2;SI; 2014;10076;10342;266,0;1,3027720639
ED0-2;SI; 2015;10386;10663;277,0;1,315977006
ED0-2;SI; 2016;10391;10577;186,0;0,8870660053
ED0-2;SI; 2017;10805;11482;677,0;3,0376452641
ED0-2;SI; 2018;11237;11688;451,0;1,9672846238
ED0-2;SI; 2019;12006;12456;450,0;1,8395879323
ED0-2;SK; 2005;2646;2556;-90,0;-1,7301038062
ED0-2;SK; 2006;2966;3110;144,0;2,3699802502
ED0-2;SK; 2007;3415;3415;0,0;0,0
ED0-2;SK; 2008;4252;4186;-66,0;-0,7821758711
ED0-2;SK; 2009;5030;5000;-30,0;-0,2991026919
ED0-2;SK; 2010;5153;5391;238,0;2,2572078907
ED0-2;SK; 2011;5285;5644;359,0;3,2848385031
ED0-2;SK; 2012;5644;6114;470,0;3,9972784487
ED0-2;SK; 2013;5672;5746;74,0;0,648099492
ED0-2;SK; 2014;5522;5542;20,0;0,1807664497
ED0-2;SK; 2015;5525;5558;33,0;0,2977533159
ED0-2;SK; 2016;5494;5437;-57,0;-0,5214527491
ED0-2;SK; 2017;5549;5312;-237,0;-2,1821195102
ED0-2;SK; 2018;5720;5560;-160,0;-1,4184397163
ED0-2;SK; 2019;-1;-1;0,0;-0,0
ED3_4;AT; 2005;20614;20469;-145,0;-0,3529440401
ED3_4;AT; 2006;20615;20480;-135,0;-0,3285071177
ED3_4;AT; 2007;20799;21275;476,0;1,13134002
ED3_4;AT; 2008;22574;23007;433,0;0,949957219
ED3_4;AT; 2009;23872;23646;-226,0;-0,4756092428
ED3_4;AT; 2010;24613;24861;248,0;0,5012733961
ED3_4;AT; 2011;24739;25151;412,0;0,825816797
ED3_4;AT; 2012;25185;25080;-105,0;-0,2088928678
ED3_4;AT; 2013;25257;25686;429,0;0,8421176609
ED3_4;AT; 2014;26697;26336;-361,0;-0,6807082383
ED3_4;AT; 2015;25744;26454;710,0;1,3602053719
ED3_4;AT; 2016;25760;26403;643,0;1,2326745011
ED3_4;AT; 2017;27415;27340;-75,0;-0,1369737923
ED3_4;AT; 2018;27651;27843;192,0;0,3459833496
ED3_4;AT; 2019;29261;28775;-486,0;-0,837411262
ED3_4;BE; 2005;17975;18749;774,0;2,1076135497
ED3_4;BE; 2006;18251;19077;826,0;2,2128161166
ED3_4;BE; 2007;18312;19724;1412,0;3,7122725839
ED3_4;BE; 2008;19931;20333;402,0;0,9984104908
ED3_4;BE; 2009;21075;21781;706,0;1,6473772634
ED3_4;BE; 2010;21031;21988;957,0;2,2245984333
ED3_4;BE; 2011;20872;22241;1369,0;3,1753763366
ED3_4;BE; 2012;21121;22465;1344,0;3,0835589409
ED3_4;BE; 2013;22645;23866;1221,0;2,62518544
ED3_4;BE; 2014;22136;23804;1668,0;3,6308228124
ED3_4;BE; 2015;22018;23768;1750,0;3,8221290351
ED3_4;BE; 2016;22571;24318;1747,0;3,7258205549
ED3_4;BE; 2017;22986;24609;1623,0;3,4100220611
ED3_4;BE; 2018;23752;25813;2061,0;4,1581761324
ED3_4;BE; 2019;-1;-1;0,0;-0,0
ED3_4;BG; 2005;-1;-1;0,0;-0,0
ED3_4;BG; 2006;1687;1750;63,0;1,83299389
ED3_4;BG; 2007;1911;1956;45,0;1,1636927851
ED3_4;BG; 2008;2921;3062;141,0;2,3566772522
ED3_4;BG; 2009;3519;3689;170,0;2,358490566
ED3_4;BG; 2010;3726;3808;82,0;1,0883992567
ED3_4;BG; 2011;3598;3675;77,0;1,0587102984
ED3_4;BG; 2012;3414;3517;103,0;1,4860770452
ED3_4;BG; 2013;3654;3700;46,0;0,6255099266
ED3_4;BG; 2014;4006;4123;117,0;1,4392914258
ED3_4;BG; 2015;4110;4402;292,0;3,4304511278
ED3_4;BG; 2016;3966;4110;144,0;1,7830609212
ED3_4;BG; 2017;4667;4724;57,0;0,6069641146
ED3_4;BG; 2018;4552;4636;84,0;0,9142359599
ED3_4;BG; 2019;5410;5655;245,0;2,2141888839
ED3_4;CY; 2005;15311;15184;-127,0;-0,416461715
ED3_4;CY; 2006;17112;16728;-384,0;-1,134751773
ED3_4;CY; 2007;19086;19056;-30,0;-0,0786534529
ED3_4;CY; 2008;19004;18613;-391,0;-1,0394236648
ED3_4;CY; 2009;18755;19128;373,0;0,9846105113
ED3_4;CY; 2010;19021;18338;-683,0;-1,8282073931
ED3_4;CY; 2011;19465;19413;-52,0;-0,1337517362
ED3_4;CY; 2012;20412;19652;-760,0;-1,8969648562
ED3_4;CY; 2013;19400;18768;-632,0;-1,6558373507
ED3_4;CY; 2014;18386;18131;-255,0;-0,6983048991
ED3_4;CY; 2015;16069;15506;-563,0;-1,7830562154
ED3_4;CY; 2016;15568;15600;32,0;0,1026694045
ED3_4;CY; 2017;15790;15857;67,0;0,2117104307
ED3_4;CY; 2018;16230;16377;147,0;0,4508234428
ED3_4;CY; 2019;17524;17800;276,0;0,7813384668
ED3_4;CZ; 2005;5000;5108;108,0;1,0684606252
ED3_4;CZ; 2006;5590;5656;66,0;0,5868753335
ED3_4;CZ; 2007;6329;6506;177,0;1,3790416829
ED3_4;CZ; 2008;6946;7215;269,0;1,8995833628
ED3_4;CZ; 2009;8393;8676;283,0;1,6579764485
ED3_4;CZ; 2010;7997;8228;231,0;1,4237288136
ED3_4;CZ; 2011;8346;8647;301,0;1,7713176014
ED3_4;CZ; 2012;8629;8880;251,0;1,4335484608
ED3_4;CZ; 2013;8640;8836;196,0;1,1215381094
ED3_4;CZ; 2014;8455;8750;295,0;1,7146178437
ED3_4;CZ; 2015;8291;8560;269,0;1,5963444306
ED3_4;CZ; 2016;8707;9156;449,0;2,5135755472
ED3_4;CZ; 2017;9253;9714;461,0;2,4305372489
ED3_4;CZ; 2018;10114;10663;549,0;2,6423449006
ED3_4;CZ; 2019;11128;11627;499,0;2,1929246319
ED3_4;DE; 2005;19103;18955;-148,0;-0,3888801303
ED3_4;DE; 2006;19165;18781;-384,0;-1,0119643704
ED3_4;DE; 2007;19896;19466;-430,0;-1,0924241654
ED3_4;DE; 2008;21088;20226;-862,0;-2,0864597957
ED3_4;DE; 2009;20563;20180;-383,0;-0,9400387797
ED3_4;DE; 2010;20952;20364;-588,0;-1,4231774615
ED3_4;DE; 2011;21400;20680;-720,0;-1,711026616
ED3_4;DE; 2012;21571;21676;105,0;0,2427914075
ED3_4;DE; 2013;21605;21484;-121,0;-0,2808141289
ED3_4;DE; 2014;21645;21487;-158,0;-0,3663173514
ED3_4;DE; 2015;22533;22098;-435,0;-0,9746588694
ED3_4;DE; 2016;22767;22817;50,0;0,1096876097
ED3_4;DE; 2017;23443;23328;-115,0;-0,2458788566
ED3_4;DE; 2018;23794;23952;158,0;0,3309177732
ED3_4;DE; 2019;25310;25343;33,0;0,0651491521
ED3_4;DK; 2005;24125;24195;70,0;0,1448675497
ED3_4;DK; 2006;24567;25482;915,0;1,8282083558
ED3_4;DK; 2007;25921;26414;493,0;0,9420082163
ED3_4;DK; 2008;26029;27606;1577,0;2,9402442435
ED3_4;DK; 2009;26167;26668;501,0;0,9482350714
ED3_4;DK; 2010;27900;27494;-406,0;-0,7329313644
ED3_4;DK; 2011;28748;28848;100,0;0,1736231683
ED3_4;DK; 2012;29329;30100;771,0;1,2973464134
ED3_4;DK; 2013;29333;31994;2661,0;4,339035009
ED3_4;DK; 2014;29233;30558;1325,0;2,2160525832
ED3_4;DK; 2015;30690;31926;1236,0;1,9739363741
ED3_4;DK; 2016;30305;31713;1408,0;2,2703086201
ED3_4;DK; 2017;31566;32281;715,0;1,1198646765
ED3_4;DK; 2018;31656;34412;2756,0;4,1714597082
ED3_4;DK; 2019;31931;33783;1852,0;2,8182731229
ED3_4;EE; 2005;3422;3720;298,0;4,1725007001
ED3_4;EE; 2006;4116;4588;472,0;5,4227941176
ED3_4;EE; 2007;5007;5626;619,0;5,8214991066
ED3_4;EE; 2008;5975;6490;515,0;4,1315683915
ED3_4;EE; 2009;6630;7320;690,0;4,9462365591
ED3_4;EE; 2010;5941;6579;638,0;5,0958466454
ED3_4;EE; 2011;5732;6398;666,0;5,4905193735
ED3_4;EE; 2012;6157;7239;1082,0;8,0770379218
ED3_4;EE; 2013;6987;7981;994,0;6,6408337787
ED3_4;EE; 2014;7894;8683;789,0;4,759606684
ED3_4;EE; 2015;8838;9354;516,0;2,8364116095
ED3_4;EE; 2016;9374;10018;644,0;3,3209570957
ED3_4;EE; 2017;9678;10325;647,0;3,2345148228
ED3_4;EE; 2018;10700;11530;830,0;3,7336932074
ED3_4;EE; 2019;11554;12384;830,0;3,4672905005
ED3_4;EL; 2005;11614;11616;2,0;0,0086095566
ED3_4;EL; 2006;12164;12051;-113,0;-0,4666529011
ED3_4;EL; 2007;12279;12474;195,0;0,787783299
ED3_4;EL; 2008;12951;12634;-317,0;-1,2390072308
ED3_4;EL; 2009;13066;13593;527,0;1,9768183353
ED3_4;EL; 2010;13438;14206;768,0;2,7781797135
ED3_4;EL; 2011;11886;12354;468,0;1,9306930693
ED3_4;EL; 2012;9387;9582;195,0;1,0279930413
ED3_4;EL; 2013;8492;8847;355,0;2,0474075783
ED3_4;EL; 2014;8190;8371;181,0;1,0929291709
ED3_4;EL; 2015;8263;8261;-2,0;-0,0121036069
ED3_4;EL; 2016;8249;8150;-99,0;-0,6036953473
ED3_4;EL; 2017;8292;8314;22,0;0,1324822353
ED3_4;EL; 2018;8468;8577;109,0;0,6394837196
ED3_4;EL; 2019;8802;9000;198,0;1,1122345804
ED3_4;ES; 2005;12600;13182;582,0;2,257388876
ED3_4;ES; 2006;13227;14009;782,0;2,8711998825
ED3_4;ES; 2007;13924;14211;287,0;1,0200817487
ED3_4;ES; 2008;16825;17633;808,0;2,3448836264
ED3_4;ES; 2009;16919;18247;1328,0;3,7763749076
ED3_4;ES; 2010;16930;18022;1092,0;3,1242847333
ED3_4;ES; 2011;16357;17264;907,0;2,6977186877
ED3_4;ES; 2012;15771;16593;822,0;2,5398591027
ED3_4;ES; 2013;15448;16421;973,0;3,0531237253
ED3_4;ES; 2014;15036;15902;866,0;2,7991466805
ED3_4;ES; 2015;14881;15606;725,0;2,3780627809
ED3_4;ES; 2016;15447;16126;679,0;2,150571691
ED3_4;ES; 2017;15709;16444;735,0;2,2859453239
ED3_4;ES; 2018;15703;16755;1052,0;3,2411115904
ED3_4;ES; 2019;16019;16967;948,0;2,8739465228
ED3_4;FI; 2005;18298;19200;902,0;2,4054616246
ED3_4;FI; 2006;19031;19371;340,0;0,8853705536
ED3_4;FI; 2007;19442;20123;681,0;1,7212182485
ED3_4;FI; 2008;20716;21497;781,0;1,8501409518
ED3_4;FI; 2009;21757;22474;717,0;1,6210350207
ED3_4;FI; 2010;21898;22642;744,0;1,6704086215
ED3_4;FI; 2011;22458;23196;738,0;1,6165067683
ED3_4;FI; 2012;23509;23693;184,0;0,3898139909
ED3_4;FI; 2013;24309;24455;146,0;0,2994011976
ED3_4;FI; 2014;23937;24842;905,0;1,8553065869
ED3_4;FI; 2015;24315;25041;726,0;1,4709457817
ED3_4;FI; 2016;24023;24885;862,0;1,7624928437
ED3_4;FI; 2017;24865;25585;720,0;1,4271555996
ED3_4;FI; 2018;25870;26267;397,0;0,7614553964
ED3_4;FI; 2019;26463;27062;599,0;1,1191032228
ED3_4;FR; 2005;17806;18324;518,0;1,433711597
ED3_4;FR; 2006;18360;18818;458,0;1,2319113454
ED3_4;FR; 2007;17899;18367;468,0;1,2904648983
ED3_4;FR; 2008;21770;22410;640,0;1,4486192847
ED3_4;FR; 2009;22591;22817;226,0;0,4977096547
ED3_4;FR; 2010;22952;22862;-90,0;-0,1964465011
ED3_4;FR; 2011;22213;22857;644,0;1,4288883958
ED3_4;FR; 2012;22675;23205;530,0;1,1551874455
ED3_4;FR; 2013;23221;23082;-139,0;-0,3001965315
ED3_4;FR; 2014;22870;22642;-228,0;-0,500966778
ED3_4;FR; 2015;23350;22559;-791,0;-1,7229737089
ED3_4;FR; 2016;23401;23237;-164,0;-0,3516445817
ED3_4;FR; 2017;23755;23528;-227,0;-0,4800879809
ED3_4;FR; 2018;23297;23493;196,0;0,4188929258
ED3_4;FR; 2019;-1;-1;0,0;-0,0
ED3_4;HR; 2005;-1;-1;0,0;-0,0
ED3_4;HR; 2006;-1;-1;0,0;-0,0
ED3_4;HR; 2007;-1;-1;0,0;-0,0
ED3_4;HR; 2008;-1;-1;0,0;-0,0
ED3_4;HR; 2009;-1;-1;0,0;-0,0
ED3_4;HR; 2010;7022;7034;12,0;0,0853727945
ED3_4;HR; 2011;6434;6449;15,0;0,116432508
ED3_4;HR; 2012;6141;6096;-45,0;-0,3677371905
ED3_4;HR; 2013;5958;5906;-52,0;-0,4383007417
ED3_4;HR; 2014;5899;5990;91,0;0,7654134074
ED3_4;HR; 2015;6100;6260;160,0;1,2944983819
ED3_4;HR; 2016;6348;6404;56,0;0,4391468005
ED3_4;HR; 2017;6854;6888;34,0;0,2474166788
ED3_4;HR; 2018;7346;7411;65,0;0,44046893
ED3_4;HR; 2019;8220;8189;-31,0;-0,1889207142
ED3_4;HU; 2005;4096;3866;-230,0;-2,8887214268
ED3_4;HU; 2006;4746;4668;-78,0;-0,8285532186
ED3_4;HU; 2007;4395;4350;-45,0;-0,5145797599
ED3_4;HU; 2008;4784;4846;62,0;0,6438213915
ED3_4;HU; 2009;5128;5227;99,0;0,9560598745
ED3_4;HU; 2010;4598;4654;56,0;0,6052745352
ED3_4;HU; 2011;4952;5100;148,0;1,4723438122
ED3_4;HU; 2012;5112;5277;165,0;1,5882183078
ED3_4;HU; 2013;4856;4929;73,0;0,7460398569
ED3_4;HU; 2014;4958;5137;179,0;1,7731550272
ED3_4;HU; 2015;4926;4985;59,0;0,5952981536
ED3_4;HU; 2016;5105;5358;253,0;2,4180445379
ED3_4;HU; 2017;5393;5591;198,0;1,8026219956
ED3_4;HU; 2018;6162;6170;8,0;0,064871878
ED3_4;HU; 2019;6430;6572;142,0;1,0921396708
ED3_4;IE; 2005;22127;23406;1279,0;2,8089517493
ED3_4;IE; 2006;23397;26698;3301,0;6,589479988
ED3_4;IE; 2007;26032;27507;1475,0;2,7550010273
ED3_4;IE; 2008;25700;28204;2504,0;4,6452953399
ED3_4;IE; 2009;25620;27080;1460,0;2,770398482
ED3_4;IE; 2010;23204;24476;1272,0;2,6677852349
ED3_4;IE; 2011;21402;21986;584,0;1,3459942841
ED3_4;IE; 2012;21115;21357;242,0;0,5697871539
ED3_4;IE; 2013;20989;21885;896,0;2,0898446611
ED3_4;IE; 2014;20861;22505;1644,0;3,7909883319
ED3_4;IE; 2015;22089;22296;207,0;0,4663737749
ED3_4;IE; 2016;22949;24312;1363,0;2,8839846808
ED3_4;IE; 2017;23631;25733;2102,0;4,2581638441
ED3_4;IE; 2018;27535;27923;388,0;0,6996285477
ED3_4;IE; 2019;-1;-1;0,0;-0,0
ED3_4;IT; 2005;18058;19113;1055,0;2,8382341072
ED3_4;IT; 2006;17931;19130;1199,0;3,2352068212
ED3_4;IT; 2007;18637;19645;1008,0;2,63309127
ED3_4;IT; 2008;19024;20036;1012,0;2,5908858167
ED3_4;IT; 2009;19423;20153;730,0;1,8445522539
ED3_4;IT; 2010;19488;20346;858,0;2,1539388462
ED3_4;IT; 2011;18995;20160;1165,0;2,9753543609
ED3_4;IT; 2012;19063;20339;1276,0;3,2384142937
ED3_4;IT; 2013;18377;19221;844,0;2,2448002553
ED3_4;IT; 2014;18116;19094;978,0;2,6283257189
ED3_4;IT; 2015;18043;19208;1165,0;3,1274328206
ED3_4;IT; 2016;18715;19708;993,0;2,5843895583
ED3_4;IT; 2017;18920;20287;1367,0;3,4866222868
ED3_4;IT; 2018;19470;20595;1125,0;2,8079371022
ED3_4;IT; 2019;-1;-1;0,0;-0,0
ED3_4;LT; 2005;2286;2479;193,0;4,0503672613
ED3_4;LT; 2006;2748;3027;279,0;4,8311688312
ED3_4;LT; 2007;3627;3930;303,0;4,0095275903
ED3_4;LT; 2008;4553;4868;315,0;3,3435940983
ED3_4;LT; 2009;5200;5780;580,0;5,2823315118
ED3_4;LT; 2010;4292;4627;335,0;3,7560264604
ED3_4;LT; 2011;3972;4325;353,0;4,2545498373
ED3_4;LT; 2012;4551;5029;478,0;4,9895615866
ED3_4;LT; 2013;5068;5464;396,0;3,7599696164
ED3_4;LT; 2014;5320;5694;374,0;3,3956782277
ED3_4;LT; 2015;5751;6155;404,0;3,3932471023
ED3_4;LT; 2016;6264;6770;506,0;3,8821543655
ED3_4;LT; 2017;6512;6948;436,0;3,2392273403
ED3_4;LT; 2018;7338;7848;510,0;3,3583563809
ED3_4;LT; 2019;8243;8852;609,0;3,5624451594
ED3_4;LU; 2005;31810;32712;902,0;1,3979727845
ED3_4;LU; 2006;33008;33935;927,0;1,3847601691
ED3_4;LU; 2007;33411;34716;1305,0;1,9155400942
ED3_4;LU; 2008;33857;35030;1173,0;1,7027886248
ED3_4;LU; 2009;36532;36264;-268,0;-0,3681520963
ED3_4;LU; 2010;36209;37166;957,0;1,3042589438
ED3_4;LU; 2011;36474;36663;189,0;0,2584191312
ED3_4;LU; 2012;37580;36740;-840,0;-1,130247578
ED3_4;LU; 2013;39872;39591;-281,0;-0,3536236991
ED3_4;LU; 2014;37401;39277;1876,0;2,4465948512
ED3_4;LU; 2015;39303;40367;1064,0;1,3355089745
ED3_4;LU; 2016;38861;40178;1317,0;1,6662660206
ED3_4;LU; 2017;39259;42673;3414,0;4,1668700874
ED3_4;LU; 2018;49671;45643;-4028,0;-4,2260318526
ED3_4;LU; 2019;-1;-1;0,0;-0,0
ED3_4;LV; 2005;2436;2710;274,0;5,3245239021
ED3_4;LV; 2006;2995;3462;467,0;7,2324608952
ED3_4;LV; 2007;3883;4530;647,0;7,6904790206
ED3_4;LV; 2008;5486;6370;884,0;7,4561403509
ED3_4;LV; 2009;6051;6843;792,0;6,1423918101
ED3_4;LV; 2010;5020;5492;472,0;4,4901065449
ED3_4;LV; 2011;4566;4992;426,0;4,4569993723
ED3_4;LV; 2012;4793;5414;621,0;6,0840599589
ED3_4;LV; 2013;5079;5745;666,0;6,1529933481
ED3_4;LV; 2014;5770;6614;844,0;6,815245478
ED3_4;LV; 2015;6210;7078;868,0;6,5322095123
ED3_4;LV; 2016;6620;7553;933,0;6,5829393918
ED3_4;LV; 2017;6999;7996;997,0;6,648882961
ED3_4;LV; 2018;7451;8638;1187,0;7,3777114799
ED3_4;LV; 2019;8262;9430;1168,0;6,6018539453
ED3_4;MT; 2005;12346;11769;-577,0;-2,392701638
ED3_4;MT; 2006;12562;12167;-395,0;-1,5973148934
ED3_4;MT; 2007;12676;11880;-796,0;-3,2415702883
ED3_4;MT; 2008;13887;13505;-382,0;-1,394567757
ED3_4;MT; 2009;14475;14267;-208,0;-0,7236796326
ED3_4;MT; 2010;13531;13863;332,0;1,2119442214
ED3_4;MT; 2011;13452;14454;1002,0;3,5906256719
ED3_4;MT; 2012;13769;15143;1374,0;4,7523519646
ED3_4;MT; 2013;15168;16117;949,0;3,0334025891
ED3_4;MT; 2014;15986;16567;581,0;1,7847817405
ED3_4;MT; 2015;17226;17223;-3,0;-0,0087085256
ED3_4;MT; 2016;17153;17209;56,0;0,1629707235
ED3_4;MT; 2017;18032;17916;-116,0;-0,3226883276
ED3_4;MT; 2018;18297;18402;105,0;0,2861113382
ED3_4;MT; 2019;18678;19017;339,0;0,8993235177
ED3_4;NL; 2005;18880;18623;-257,0;-0,6852785111
ED3_4;NL; 2006;19079;19345;266,0;0,692275661
ED3_4;NL; 2007;20534;20412;-122,0;-0,297953402
ED3_4;NL; 2008;22000;21654;-346,0;-0,7925963257
ED3_4;NL; 2009;22170;22457;287,0;0,6431084321
ED3_4;NL; 2010;21965;22292;327,0;0,7388661681
ED3_4;NL; 2011;21628;22091;463,0;1,059036117
ED3_4;NL; 2012;21828;22774;946,0;2,1209811219
ED3_4;NL; 2013;22087;22211;124,0;0,2799223441
ED3_4;NL; 2014;22198;21891;-307,0;-0,6963188097
ED3_4;NL; 2015;22394;22832;438,0;0,9684694645
ED3_4;NL; 2016;24048;24439;391,0;0,8064017159
ED3_4;NL; 2017;24792;25400;608,0;1,2113484221
ED3_4;NL; 2018;25406;25786;380,0;0,7423034849
ED3_4;NL; 2019;25973;26021;48,0;0,0923183444
ED3_4;PL; 2005;2919;2908;-11,0;-0,1887763858
ED3_4;PL; 2006;3481;3525;44,0;0,6280331145
ED3_4;PL; 2007;3910;3973;63,0;0,7991881263
ED3_4;PL; 2008;4634;4745;111,0;1,1834950421
ED3_4;PL; 2009;5601;5756;155,0;1,3647970415
ED3_4;PL; 2010;4780;4920;140,0;1,4432989691
ED3_4;PL; 2011;5436;5576;140,0;1,271340356
ED3_4;PL; 2012;5422;5554;132,0;1,2026239067
ED3_4;PL; 2013;5480;5682;202,0;1,8097115212
ED3_4;PL; 2014;5587;5807;220,0;1,9308407934
ED3_4;PL; 2015;5762;5957;195,0;1,6639645021
ED3_4;PL; 2016;5967;6154;187,0;1,5427769986
ED3_4;PL; 2017;6093;6302;209,0;1,6861637757
ED3_4;PL; 2018;6664;6887;223,0;1,6456350085
ED3_4;PL; 2019;7245;7585;340,0;2,2926500337
ED3_4;PT; 2005;11616;13160;1544,0;6,2318372619
ED3_4;PT; 2006;11602;12790;1188,0;4,8704493276
ED3_4;PT; 2007;11368;13610;2242,0;8,9758987909
ED3_4;PT; 2008;11462;13119;1657,0;6,7409788048
ED3_4;PT; 2009;11386;13399;2013,0;8,1218478919
ED3_4;PT; 2010;11417;12723;1306,0;5,4101077051
ED3_4;PT; 2011;10942;12217;1275,0;5,5054190595
ED3_4;PT; 2012;10667;11999;1332,0;5,8766434307
ED3_4;PT; 2013;10258;11665;1407,0;6,4179172559
ED3_4;PT; 2014;10133;11422;1289,0;5,9800510322
ED3_4;PT; 2015;10306;11305;999,0;4,6226458748
ED3_4;PT; 2016;10544;11636;1092,0;4,9233543733
ED3_4;PT; 2017;10668;11534;866,0;3,9005495
ED3_4;PT; 2018;10789;11790;1001,0;4,4333229992
ED3_4;PT; 2019;11273;12276;1003,0;4,2592042125
ED3_4;RO; 2005;-1;-1;0,0;-0,0
ED3_4;RO; 2006;-1;-1;0,0;-0,0
ED3_4;RO; 2007;2145;2022;-123,0;-2,9517638589
ED3_4;RO; 2008;2532;2456;-76,0;-1,5236567763
ED3_4;RO; 2009;2787;2657;-130,0;-2,3879500367
ED3_4;RO; 2010;2538;2405;-133,0;-2,69067368
ED3_4;RO; 2011;2506;2424;-82,0;-1,6632860041
ED3_4;RO; 2012;2494;2371;-123,0;-2,5282631038
ED3_4;RO; 2013;2432;2357;-75,0;-1,5660889539
ED3_4;RO; 2014;2523;2475;-48,0;-0,9603841537
ED3_4;RO; 2015;3010;2599;-411,0;-7,32750936
ED3_4;RO; 2016;2824;2823;-1,0;-0,0177085178
ED3_4;RO; 2017;3125;3111;-14,0;-0,2245028865
ED3_4;RO; 2018;3881;3890;9,0;0,1158152104
ED3_4;RO; 2019;4458;4533;75,0;0,8341675008
ED3_4;SE; 2005;19438;19553;115,0;0,2949398579
ED3_4;SE; 2006;19420;19807;387,0;0,9865653759
ED3_4;SE; 2007;20664;20848;184,0;0,4432453267
ED3_4;SE; 2008;22263;22333;70,0;0,1569647502
ED3_4;SE; 2009;22713;22644;-69,0;-0,1521264634
ED3_4;SE; 2010;20526;20640;114,0;0,2769275616
ED3_4;SE; 2011;23398;23733;335,0;0,7107848338
ED3_4;SE; 2012;25856;26513;657,0;1,2545589948
ED3_4;SE; 2013;27317;28140;823,0;1,484032674
ED3_4;SE; 2014;28385;28674;289,0;0,5064932789
ED3_4;SE; 2015;28246;28890;644,0;1,1271352562
ED3_4;SE; 2016;28425;29163;738,0;1,2815169827
ED3_4;SE; 2017;30413;29354;-1059,0;-1,7718808038
ED3_4;SE; 2018;29378;29998;620,0;1,0441929399
ED3_4;SE; 2019;27985;28530;545,0;0,9643457489
ED3_4;SI; 2005;9927;9895;-32,0;-0,1614367874
ED3_4;SI; 2006;10381;10369;-12,0;-0,0578313253
ED3_4;SI; 2007;10596;10805;209,0;0,976589879
ED3_4;SI; 2008;11442;11708;266,0;1,1490280778
ED3_4;SI; 2009;12521;12891;370,0;1,456005037
ED3_4;SI; 2010;12400;12566;166,0;0,6649042698
ED3_4;SI; 2011;12486;12735;249,0;0,987272511
ED3_4;SI; 2012;12370;12607;237,0;0,9488729631
ED3_4;SI; 2013;11925;12185;260,0;1,0783907092
ED3_4;SI; 2014;11818;12299;481,0;1,9944437534
ED3_4;SI; 2015;12268;12623;355,0;1,4262183118
ED3_4;SI; 2016;12322;12550;228,0;0,9166934706
ED3_4;SI; 2017;12724;13041;317,0;1,2303512517
ED3_4;SI; 2018;13304;13567;263,0;0,9787503256
ED3_4;SI; 2019;14317;14928;611,0;2,089246025
ED3_4;SK; 2005;3133;3211;78,0;1,2295081967
ED3_4;SK; 2006;3811;3902;91,0;1,1798262673
ED3_4;SK; 2007;4430;4581;151,0;1,6757296637
ED3_4;SK; 2008;5240;5381;141,0;1,3275586103
ED3_4;SK; 2009;6305;6438;133,0;1,0437102723
ED3_4;SK; 2010;6896;6953;57,0;0,4115820637
ED3_4;SK; 2011;7003;7075;72,0;0,5114362836
ED3_4;SK; 2012;7625;7767;142,0;0,9225571726
ED3_4;SK; 2013;7265;7543;278,0;1,8773635873
ED3_4;SK; 2014;7504;7732;228,0;1,4964557627
ED3_4;SK; 2015;7404;7496;92,0;0,6174496644
ED3_4;SK; 2016;7503;7621;118,0;0,7802168738
ED3_4;SK; 2017;7705;7695;-10,0;-0,0649350649
ED3_4;SK; 2018;8155;8262;107,0;0,651763416
ED3_4;SK; 2019;-1;-1;0,0;-0,0
ED5-8;AT; 2005;25423;25114;-309,0;-0,6114332074
ED5-8;AT; 2006;25654;25632;-22,0;-0,042896697
ED5-8;AT; 2007;25545;26879;1334,0;2,5446360446
ED5-8;AT; 2008;28508;27791;-717,0;-1,2735572568
ED5-8;AT; 2009;29637;30834;1197,0;1,9794612293
ED5-8;AT; 2010;30460;30827;367,0;0,5988219361
ED5-8;AT; 2011;31210;30997;-213,0;-0,3424051956
ED5-8;AT; 2012;30443;33422;2979,0;4,6645267361
ED5-8;AT; 2013;30986;31541;555,0;0,8876165497
ED5-8;AT; 2014;31870;33529;1659,0;2,5367360357
ED5-8;AT; 2015;31837;32547;710,0;1,1027584493
ED5-8;AT; 2016;31712;32324;612,0;0,9557124118
ED5-8;AT; 2017;34164;34738;574,0;0,8330672549
ED5-8;AT; 2018;33493;34572;1079,0;1,585249394
ED5-8;AT; 2019;33373;35193;1820,0;2,6543768048
ED5-8;BE; 2005;22899;24578;1679,0;3,536449228
ED5-8;BE; 2006;23825;28015;4190,0;8,0825617284
ED5-8;BE; 2007;24708;25856;1148,0;2,2703900008
ED5-8;BE; 2008;25470;28324;2854,0;5,3054243968
ED5-8;BE; 2009;26830;28697;1867,0;3,3623282367
ED5-8;BE; 2010;27749;28204;455,0;0,8131824924
ED5-8;BE; 2011;28202;28641;439,0;0,7723026582
ED5-8;BE; 2012;28299;28800;501,0;0,8774234225
ED5-8;BE; 2013;29279;29963;684,0;1,1545862733
ED5-8;BE; 2014;29768;31439;1671,0;2,7300798928
ED5-8;BE; 2015;29635;31181;1546,0;2,5420941857
ED5-8;BE; 2016;30309;32279;1970,0;3,1475682239
ED5-8;BE; 2017;30823;32986;2163,0;3,3898039462
ED5-8;BE; 2018;31677;33357;1680,0;2,5832641388
ED5-8;BE; 2019;-1;-1;0,0;-0,0
ED5-8;BG; 2005;-1;-1;0,0;-0,0
ED5-8;BG; 2006;2285;2484;199,0;4,172782554
ED5-8;BG; 2007;2474;2710;236,0;4,5524691358
ED5-8;BG; 2008;3963;4269;306,0;3,7172011662
ED5-8;BG; 2009;4958;5394;436,0;4,2117465224
ED5-8;BG; 2010;5392;5586;194,0;1,767170705
ED5-8;BG; 2011;5421;6032;611,0;5,334846765
ED5-8;BG; 2012;4919;5384;465,0;4,5132485684
ED5-8;BG; 2013;5531;6104;573,0;4,9247958745
ED5-8;BG; 2014;5921;7030;1109,0;8,5630453247
ED5-8;BG; 2015;6455;7546;1091,0;7,79230055
ED5-8;BG; 2016;5957;6437;480,0;3,8728416976
ED5-8;BG; 2017;7630;8796;1166,0;7,0985023743
ED5-8;BG; 2018;7567;9239;1672,0;9,9488277996
ED5-8;BG; 2019;9054;11473;2419,0;11,7844789789
ED5-8;CY; 2005;20946;22059;1113,0;2,5880711545
ED5-8;CY; 2006;22211;24166;1955,0;4,2154516247
ED5-8;CY; 2007;24621;26773;2152,0;4,1872592131
ED5-8;CY; 2008;24654;27331;2677,0;5,1495623738
ED5-8;CY; 2009;24925;28965;4040,0;7,4967526443
ED5-8;CY; 2010;25223;28699;3476,0;6,4463484292
ED5-8;CY; 2011;25209;28178;2969,0;5,561278963
ED5-8;CY; 2012;25396;29269;3873,0;7,0849721028
ED5-8;CY; 2013;24400;27449;3049,0;5,8805377153
ED5-8;CY; 2014;24093;26043;1950,0;3,8894207755
ED5-8;CY; 2015;21845;24382;2537,0;5,4881346399
ED5-8;CY; 2016;22163;23772;1609,0;3,5027756613
ED5-8;CY; 2017;22278;23895;1617,0;3,5020466506
ED5-8;CY; 2018;22097;23900;1803,0;3,9198208579
ED5-8;CY; 2019;24991;26836;1845,0;3,5599205048
ED5-8;CZ; 2005;6754;7382;628,0;4,4425580079
ED5-8;CZ; 2006;7828;8040;212,0;1,336022183
ED5-8;CZ; 2007;8657;8880;223,0;1,2715971945
ED5-8;CZ; 2008;9538;9727;189,0;0,9810537244
ED5-8;CZ; 2009;11881;12257;376,0;1,5577098351
ED5-8;CZ; 2010;11324;11980;656,0;2,8149673876
ED5-8;CZ; 2011;11928;12513;585,0;2,3935190868
ED5-8;CZ; 2012;12165;13116;951,0;3,7617182865
ED5-8;CZ; 2013;11642;12998;1356,0;5,5032467532
ED5-8;CZ; 2014;11486;12585;1099,0;4,5656599227
ED5-8;CZ; 2015;11235;11785;550,0;2,3892267593
ED5-8;CZ; 2016;11838;12558;720,0;2,9513034924
ED5-8;CZ; 2017;12101;12954;853,0;3,4045100778
ED5-8;CZ; 2018;12896;14079;1183,0;4,3855421687
ED5-8;CZ; 2019;14279;15668;1389,0;4,638194143
ED5-8;DE; 2005;22178;25435;3257,0;6,8405687522
ED5-8;DE; 2006;23351;25469;2118,0;4,3383859074
ED5-8;DE; 2007;24689;26744;2055,0;3,9954892773
ED5-8;DE; 2008;25763;28089;2326,0;4,3192453391
ED5-8;DE; 2009;27507;28646;1139,0;2,0283867291
ED5-8;DE; 2010;27158;29404;2246,0;3,9708638308
ED5-8;DE; 2011;26575;28796;2221,0;4,0111249571
ED5-8;DE; 2012;26790;29331;2541,0;4,5277168974
ED5-8;DE; 2013;27218;29698;2480,0;4,3572984749
ED5-8;DE; 2014;27469;29676;2207,0;3,8621051711
ED5-8;DE; 2015;28963;31577;2614,0;4,317806409
ED5-8;DE; 2016;29325;31672;2347,0;3,8477302162
ED5-8;DE; 2017;29281;32374;3093,0;5,0166247668
ED5-8;DE; 2018;30914;33796;2882,0;4,4537165817
ED5-8;DE; 2019;31547;34102;2555,0;3,8919100062
ED5-8;DK; 2005;28486;29773;1287,0;2,2091007398
ED5-8;DK; 2006;29033;30575;1542,0;2,5869010871
ED5-8;DK; 2007;31501;32285;784,0;1,229109836
ED5-8;DK; 2008;32196;31062;-1134,0;-1,7926586361
ED5-8;DK; 2009;32371;30383;-1988,0;-3,1679255506
ED5-8;DK; 2010;32316;34707;2391,0;3,5674320756
ED5-8;DK; 2011;36260;38079;1819,0;2,4468986669
ED5-8;DK; 2012;36216;37495;1279,0;1,7351548616
ED5-8;DK; 2013;35682;37196;1514,0;2,0774444963
ED5-8;DK; 2014;37257;38224;967,0;1,2811171023
ED5-8;DK; 2015;36940;39073;2133,0;2,8060989568
ED5-8;DK; 2016;36847;39292;2445,0;3,2112320887
ED5-8;DK; 2017;38179;39790;1611,0;2,0662057997
ED5-8;DK; 2018;38686;41387;2701,0;3,3731719806
ED5-8;DK; 2019;39211;40793;1582,0;1,9774011299
ED5-8;EE; 2005;4699;5833;1134,0;10,7671857197
ED5-8;EE; 2006;5674;6786;1112,0;8,9245585875
ED5-8;EE; 2007;7239;8217;978,0;6,3276397516
ED5-8;EE; 2008;8419;9413;994,0;5,5742485419
ED5-8;EE; 2009;9741;10477;736,0;3,6403205065
ED5-8;EE; 2010;9148;9884;736,0;3,8671710803
ED5-8;EE; 2011;8621;9450;829,0;4,5874605722
ED5-8;EE; 2012;9237;9976;739,0;3,8463540311
ED5-8;EE; 2013;10108;11142;1034,0;4,8658823529
ED5-8;EE; 2014;11642;12988;1346,0;5,4648802274
ED5-8;EE; 2015;12520;14195;1675,0;6,2698858319
ED5-8;EE; 2016;12967;14541;1574,0;5,72197179
ED5-8;EE; 2017;13776;14758;982,0;3,441508376
ED5-8;EE; 2018;15188;16062;874,0;2,7968
ED5-8;EE; 2019;16250;17754;1504,0;4,4230090578
ED5-8;EL; 2005;16640;16964;324,0;0,964170932
ED5-8;EL; 2006;17709;18059;350,0;0,9785282934
ED5-8;EL; 2007;17972;18967;995,0;2,6936300387
ED5-8;EL; 2008;18353;20241;1888,0;4,8919521169
ED5-8;EL; 2009;20003;20936;933,0;2,2790004641
ED5-8;EL; 2010;20641;20868;227,0;0,5468693536
ED5-8;EL; 2011;18021;18992;971,0;2,6234025883
ED5-8;EL; 2012;14233;15575;1342,0;4,5021470746
ED5-8;EL; 2013;13157;14250;1093,0;3,9880322545
ED5-8;EL; 2014;12487;13195;708,0;2,7567946422
ED5-8;EL; 2015;11569;12557;988,0;4,0951670397
ED5-8;EL; 2016;11501;12624;1123,0;4,6549222798
ED5-8;EL; 2017;11551;12346;795,0;3,3267774198
ED5-8;EL; 2018;11931;12777;846,0;3,4239922292
ED5-8;EL; 2019;12280;13028;748,0;2,9555871661
ED5-8;ES; 2005;17046;17461;415,0;1,2026545339
ED5-8;ES; 2006;18183;18592;409,0;1,1121685928
ED5-8;ES; 2007;18633;18917;284,0;0,7563249001
ED5-8;ES; 2008;22359;22948;589,0;1,3000198645
ED5-8;ES; 2009;23923;24656;733,0;1,5088824389
ED5-8;ES; 2010;23757;24362;605,0;1,2572996114
ED5-8;ES; 2011;22693;23388;695,0;1,5082137974
ED5-8;ES; 2012;22232;22954;722,0;1,597840039
ED5-8;ES; 2013;21086;22069;983,0;2,2778357085
ED5-8;ES; 2014;20441;21477;1036,0;2,4714919605
ED5-8;ES; 2015;20749;21415;666,0;1,5795465326
ED5-8;ES; 2016;21252;21955;703,0;1,6270511723
ED5-8;ES; 2017;21988;22727;739,0;1,6526892542
ED5-8;ES; 2018;22260;23606;1346,0;2,9346356778
ED5-8;ES; 2019;22361;23873;1512,0;3,2703205433
ED5-8;FI; 2005;25062;27222;2160,0;4,1312829929
ED5-8;FI; 2006;25815;28295;2480,0;4,5832563297
ED5-8;FI; 2007;26912;29179;2267,0;4,04164661
ED5-8;FI; 2008;28619;30609;1990,0;3,3598973458
ED5-8;FI; 2009;29255;31497;2242,0;3,6904134843
ED5-8;FI; 2010;29681;32213;2532,0;4,0908650273
ED5-8;FI; 2011;30207;32775;2568,0;4,0773554349
ED5-8;FI; 2012;31045;33653;2608,0;4,0310365081
ED5-8;FI; 2013;31881;34448;2567,0;3,870102067
ED5-8;FI; 2014;32296;34293;1997,0;2,9989938278
ED5-8;FI; 2015;32603;34510;1907,0;2,8414763161
ED5-8;FI; 2016;32804;34252;1448,0;2,1593891673
ED5-8;FI; 2017;33266;34951;1685,0;2,470058783
ED5-8;FI; 2018;34409;36259;1850,0;2,6178751344
ED5-8;FI; 2019;34956;36741;1785,0;2,4896439182
ED5-8;FR; 2005;23358;25171;1813,0;3,7359104865
ED5-8;FR; 2006;23370;24377;1007,0;2,1090330283
ED5-8;FR; 2007;23133;24449;1316,0;2,7657517549
ED5-8;FR; 2008;28099;29202;1103,0;1,9249227762
ED5-8;FR; 2009;29323;30889;1566,0;2,6008104697
ED5-8;FR; 2010;29036;30244;1208,0;2,0377867746
ED5-8;FR; 2011;29890;31403;1513,0;2,4684711142
ED5-8;FR; 2012;30380;31818;1438,0;2,311971446
ED5-8;FR; 2013;30634;32247;1613,0;2,5651627678
ED5-8;FR; 2014;29088;31874;2786,0;4,5700600374
ED5-8;FR; 2015;29534;31998;2464,0;4,0044204641
ED5-8;FR; 2016;30172;32403;2231,0;3,5653216141
ED5-8;FR; 2017;29876;32222;2346,0;3,7778994493
ED5-8;FR; 2018;30583;31820;1237,0;1,9822764931
ED5-8;FR; 2019;-1;-1;0,0;-0,0
ED5-8;HR; 2005;-1;-1;0,0;-0,0
ED5-8;HR; 2006;-1;-1;0,0;-0,0
ED5-8;HR; 2007;-1;-1;0,0;-0,0
ED5-8;HR; 2008;-1;-1;0,0;-0,0
ED5-8;HR; 2009;-1;-1;0,0;-0,0
ED5-8;HR; 2010;9997;10169;172,0;0,8529207577
ED5-8;HR; 2011;9279;9597;318,0;1,6846789574
ED5-8;HR; 2012;9267;9626;359,0;1,9001746679
ED5-8;HR; 2013;8715;9179;464,0;2,593047949
ED5-8;HR; 2014;8597;9150;553,0;3,1160196089
ED5-8;HR; 2015;9197;9614;417,0;2,2167880495
ED5-8;HR; 2016;9376;9838;462,0;2,4044967211
ED5-8;HR; 2017;10009;10774;765,0;3,6808930376
ED5-8;HR; 2018;10532;11649;1117,0;5,035841486
ED5-8;HR; 2019;11329;12206;877,0;3,7263649883
ED5-8;HU; 2005;5891;6653;762,0;6,0746173469
ED5-8;HU; 2006;7124;7965;841,0;5,5735966598
ED5-8;HU; 2007;6426;7089;663,0;4,9056603774
ED5-8;HU; 2008;6743;7566;823,0;5,7516248515
ED5-8;HU; 2009;7380;8031;651,0;4,224255402
ED5-8;HU; 2010;6439;7021;582,0;4,323922734
ED5-8;HU; 2011;7390;8206;816,0;5,2321107976
ED5-8;HU; 2012;7380;8244;864,0;5,5299539171
ED5-8;HU; 2013;7148;7954;806,0;5,3370414515
ED5-8;HU; 2014;7330;7886;556,0;3,6540483701
ED5-8;HU; 2015;7146;7848;702,0;4,6818727491
ED5-8;HU; 2016;7418;7940;522,0;3,3988800625
ED5-8;HU; 2017;7627;8119;492,0;3,1246030738
ED5-8;HU; 2018;8107;8705;598,0;3,5569831073
ED5-8;HU; 2019;8744;9532;788,0;4,3116655723
ED5-8;IE; 2005;31771;34046;2275,0;3,4565537779
ED5-8;IE; 2006;32985;34592;1607,0;2,3780280273
ED5-8;IE; 2007;35703;38838;3135,0;4,2057391234
ED5-8;IE; 2008;37074;38647;1573,0;2,0773629508
ED5-8;IE; 2009;34076;35652;1576,0;2,260211106
ED5-8;IE; 2010;31841;32159;318,0;0,496875
ED5-8;IE; 2011;30443;30547;104,0;0,1705197573
ED5-8;IE; 2012;29574;30171;597,0;0,9992467989
ED5-8;IE; 2013;30084;31156;1072,0;1,7504898759
ED5-8;IE; 2014;30388;31616;1228,0;1,980517386
ED5-8;IE; 2015;30678;32703;2025,0;3,1949637904
ED5-8;IE; 2016;31856;33051;1195,0;1,8410957216
ED5-8;IE; 2017;33461;35847;2386,0;3,4426040284
ED5-8;IE; 2018;34722;35939;1217,0;1,7223079209
ED5-8;IE; 2019;-1;-1;0,0;-0,0
ED5-8;IT; 2005;25703;27825;2122,0;3,9642803766
ED5-8;IT; 2006;24510;27589;3079,0;5,9099023014
ED5-8;IT; 2007;25745;28588;2843,0;5,2325474389
ED5-8;IT; 2008;25391;27836;2445,0;4,5935333571
ED5-8;IT; 2009;25450;28757;3307,0;6,100688103
ED5-8;IT; 2010;26028;28893;2865,0;5,2165838204
ED5-8;IT; 2011;25603;28251;2648,0;4,9169978089
ED5-8;IT; 2012;25471;28357;2886,0;5,3615218845
ED5-8;IT; 2013;24692;27297;2605,0;5,0106753352
ED5-8;IT; 2014;23934;26319;2385,0;4,7459853143
ED5-8;IT; 2015;24021;25652;1631,0;3,2834739194
ED5-8;IT; 2016;24645;27154;2509,0;4,8437228518
ED5-8;IT; 2017;25127;27413;2286,0;4,350970689
ED5-8;IT; 2018;26250;28216;1966,0;3,6095913047
ED5-8;IT; 2019;-1;-1;0,0;-0,0
ED5-8;LT; 2005;4053;4475;422,0;4,9484052533
ED5-8;LT; 2006;4787;5097;310,0;3,1363820316
ED5-8;LT; 2007;5790;6692;902,0;7,2264060247
ED5-8;LT; 2008;6832;8326;1494,0;9,8561815543
ED5-8;LT; 2009;8476;10151;1675,0;8,992322972
ED5-8;LT; 2010;7049;7950;901,0;6,0070671378
ED5-8;LT; 2011;6346;6794;448,0;3,4094368341
ED5-8;LT; 2012;7157;7929;772,0;5,1173273233
ED5-8;LT; 2013;7842;8628;786,0;4,7723132969
ED5-8;LT; 2014;8544;9237;693,0;3,8974185929
ED5-8;LT; 2015;9410;10510;1100,0;5,5220883534
ED5-8;LT; 2016;9928;11114;1186,0;5,6363463549
ED5-8;LT; 2017;10560;13109;2549,0;10,7693607672
ED5-8;LT; 2018;11308;13628;2320,0;9,3038177735
ED5-8;LT; 2019;12655;14135;1480,0;5,5244494214
ED5-8;LU; 2005;43661;46190;2529,0;2,8146598257
ED5-8;LU; 2006;47639;47500;-139,0;-0,1461020192
ED5-8;LU; 2007;47464;50497;3033,0;3,0961300926
ED5-8;LU; 2008;48951;53150;4199,0;4,1125943918
ED5-8;LU; 2009;50988;56001;5013,0;4,6855284188
ED5-8;LU; 2010;49905;54132;4227,0;4,0629775945
ED5-8;LU; 2011;49285;52369;3084,0;3,0338206072
ED5-8;LU; 2012;50223;51887;1664,0;1,6296151209
ED5-8;LU; 2013;52145;54196;2051,0;1,9287010654
ED5-8;LU; 2014;52025;52922;897,0;0,8547171429
ED5-8;LU; 2015;51027;54041;3014,0;2,8686184185
ED5-8;LU; 2016;48969;50889;1920,0;1,922730277
ED5-8;LU; 2017;51987;53454;1467,0;1,3912993997
ED5-8;LU; 2018;58875;65280;6405,0;5,1588739882
ED5-8;LU; 2019;-1;-1;0,0;-0,0
ED5-8;LV; 2005;4026;4627;601,0;6,9455680111
ED5-8;LV; 2006;5057;5908;851,0;7,7610579115
ED5-8;LV; 2007;5929;6560;631,0;5,0524461526
ED5-8;LV; 2008;8840;9983;1143,0;6,0723582851
ED5-8;LV; 2009;10013;11298;1285,0;6,0297498944
ED5-8;LV; 2010;8271;9288;1017,0;5,7919015889
ED5-8;LV; 2011;7394;8703;1309,0;8,1319500528
ED5-8;LV; 2012;7942;9367;1425,0;8,2327113063
ED5-8;LV; 2013;8213;9857;1644,0;9,0979524073
ED5-8;LV; 2014;9112;10372;1260,0;6,4668445904
ED5-8;LV; 2015;9993;11374;1381,0;6,463237703
ED5-8;LV; 2016;10698;12036;1338,0;5,8854579045
ED5-8;LV; 2017;10974;12238;1264,0;5,4454592452
ED5-8;LV; 2018;12290;14519;2229,0;8,3143720392
ED5-8;LV; 2019;13535;15656;2121,0;7,2659381316
ED5-8;MT; 2005;15440;15534;94,0;0,3034803383
ED5-8;MT; 2006;16340;16423;83,0;0,2533345542
ED5-8;MT; 2007;15366;15927;561,0;1,7927331991
ED5-8;MT; 2008;17615;16977;-638,0;-1,8443570768
ED5-8;MT; 2009;18168;18229;61,0;0,1675962305
ED5-8;MT; 2010;18653;18421;-232,0;-0,6257754761
ED5-8;MT; 2011;19152;18918;-234,0;-0,6146572104
ED5-8;MT; 2012;19321;20131;810,0;2,0531278516
ED5-8;MT; 2013;20793;22309;1516,0;3,5172381792
ED5-8;MT; 2014;21451;22525;1074,0;2,4422412225
ED5-8;MT; 2015;22501;24042;1541,0;3,3109167866
ED5-8;MT; 2016;23224;24670;1446,0;3,0191673278
ED5-8;MT; 2017;24217;26143;1926,0;3,8244638602
ED5-8;MT; 2018;24697;25841;1144,0;2,2636431992
ED5-8;MT; 2019;25112;26192;1080,0;2,1050990176
ED5-8;NL; 2005;23726;24706;980,0;2,0234555666
ED5-8;NL; 2006;24239;25176;937,0;1,8961853688
ED5-8;NL; 2007;26757;28068;1311,0;2,39124487
ED5-8;NL; 2008;27808;29723;1915,0;3,3286402114
ED5-8;NL; 2009;28428;29613;1185,0;2,0416602057
ED5-8;NL; 2010;27755;29084;1329,0;2,3381832896
ED5-8;NL; 2011;28198;28641;443,0;0,7793944299
ED5-8;NL; 2012;27458;28934;1476,0;2,6173925379
ED5-8;NL; 2013;27436;28790;1354,0;2,4081385836
ED5-8;NL; 2014;28528;28797;269,0;0,4692542521
ED5-8;NL; 2015;29297;29840;543,0;0,9182068756
ED5-8;NL; 2016;31179;32266;1087,0;1,7132949799
ED5-8;NL; 2017;32162;33131;969,0;1,4840794572
ED5-8;NL; 2018;32107;34115;2008,0;3,0322249404
ED5-8;NL; 2019;32638;34631;1993,0;2,9627317189
ED5-8;PL; 2005;5062;5718;656,0;6,0853432282
ED5-8;PL; 2006;6188;6727;539,0;4,1734417344
ED5-8;PL; 2007;6786;7503;717,0;5,0178458954
ED5-8;PL; 2008;7756;8674;918,0;5,5873402313
ED5-8;PL; 2009;9467;10586;1119,0;5,580212437
ED5-8;PL; 2010;7856;8426;570,0;3,5007984277
ED5-8;PL; 2011;8718;9353;635,0;3,5139173261
ED5-8;PL; 2012;8658;9636;978,0;5,3460150869
ED5-8;PL; 2013;8592;9500;908,0;5,0187928366
ED5-8;PL; 2014;8796;9635;839,0;4,5521132874
ED5-8;PL; 2015;8960;10015;1055,0;5,5599472991
ED5-8;PL; 2016;9148;10387;1239,0;6,3424622472
ED5-8;PL; 2017;9326;10423;1097,0;5,554711631
ED5-8;PL; 2018;9836;10776;940,0;4,5604502232
ED5-8;PL; 2019;10816;11881;1065,0;4,6922500771
ED5-8;PT; 2005;19622;22163;2541,0;6,081129592
ED5-8;PT; 2006;19524;22070;2546,0;6,1210751551
ED5-8;PT; 2007;19881;22300;2419,0;5,7348095114
ED5-8;PT; 2008;19256;21565;2309,0;5,6564023419
ED5-8;PT; 2009;19513;21632;2119,0;5,1500789889
ED5-8;PT; 2010;19095;20277;1182,0;3,0021334959
ED5-8;PT; 2011;18738;19973;1235,0;3,1903076645
ED5-8;PT; 2012;16691;19072;2381,0;6,6577188715
ED5-8;PT; 2013;16148;17590;1442,0;4,274112277
ED5-8;PT; 2014;15617;17553;1936,0;5,8365993368
ED5-8;PT; 2015;15469;17298;1829,0;5,5818353832
ED5-8;PT; 2016;15963;17446;1483,0;4,4389236433
ED5-8;PT; 2017;15882;18021;2139,0;6,3091761791
ED5-8;PT; 2018;15770;17411;1641,0;4,9456013984
ED5-8;PT; 2019;16504;17984;1480,0;4,2913477151
ED5-8;RO; 2005;-1;-1;0,0;-0,0
ED5-8;RO; 2006;-1;-1;0,0;-0,0
ED5-8;RO; 2007;4293;4462;169,0;1,9303255283
ED5-8;RO; 2008;5109;5124;15,0;0,1465845793
ED5-8;RO; 2009;5051;5287;236,0;2,2828400077
ED5-8;RO; 2010;4590;4728;138,0;1,4810045074
ED5-8;RO; 2011;4167;4458;291,0;3,3739130435
ED5-8;RO; 2012;4067;4200;133,0;1,6088060965
ED5-8;RO; 2013;4117;4282;165,0;1,9645195857
ED5-8;RO; 2014;4172;4306;134,0;1,5805614532
ED5-8;RO; 2015;4387;4531;144,0;1,6147118188
ED5-8;RO; 2016;4826;4888;62,0;0,6382540663
ED5-8;RO; 2017;5169;5225;56,0;0,5387723687
ED5-8;RO; 2018;7104;7310;206,0;1,4291660885
ED5-8;RO; 2019;7945;8309;364,0;2,2394487511
ED5-8;SE; 2005;22144;23498;1354,0;2,9665658823
ED5-8;SE; 2006;22489;22580;91,0;0,2019126229
ED5-8;SE; 2007;23722;24182;460,0;0,960253841
ED5-8;SE; 2008;26049;26657;608,0;1,1535688536
ED5-8;SE; 2009;26271;26993;722,0;1,3555121658
ED5-8;SE; 2010;23327;24094;767,0;1,6174268784
ED5-8;SE; 2011;27035;27141;106,0;0,1956585942
ED5-8;SE; 2012;29731;29742;11,0;0,018495788
ED5-8;SE; 2013;31835;31990;155,0;0,2428515472
ED5-8;SE; 2014;32973;32896;-77,0;-0,1168986929
ED5-8;SE; 2015;32277;31901;-376,0;-0,5858705475
ED5-8;SE; 2016;31864;31532;-332,0;-0,5236923465
ED5-8;SE; 2017;32004;32270;266,0;0,413853191
ED5-8;SE; 2018;33032;32859;-173,0;-0,2625548254
ED5-8;SE; 2019;31475;34578;3103,0;4,6977427218
ED5-8;SI; 2005;14482;15675;1193,0;3,9559637895
ED5-8;SI; 2006;14984;15842;858,0;2,7833646921
ED5-8;SI; 2007;15049;15891;842,0;2,7213962508
ED5-8;SI; 2008;16314;17161;847,0;2,5302464526
ED5-8;SI; 2009;17331;18106;775,0;2,1869797105
ED5-8;SI; 2010;17274;18141;867,0;2,4481152054
ED5-8;SI; 2011;17447;18411;964,0;2,688381951
ED5-8;SI; 2012;17252;18210;958,0;2,7014832779
ED5-8;SI; 2013;16649;18137;1488,0;4,2775829357
ED5-8;SI; 2014;16448;17908;1460,0;4,249621609
ED5-8;SI; 2015;16438;17963;1525,0;4,4330106683
ED5-8;SI; 2016;16231;18032;1801,0;5,256399031
ED5-8;SI; 2017;16587;18092;1505,0;4,3398021858
ED5-8;SI; 2018;17329;18766;1437,0;3,9811608256
ED5-8;SI; 2019;18792;19874;1082,0;2,798324109
ED5-8;SK; 2005;4075;4295;220,0;2,6284348865
ED5-8;SK; 2006;5117;5123;6,0;0,05859375
ED5-8;SK; 2007;5653;6052;399,0;3,4087996583
ED5-8;SK; 2008;6757;7279;522,0;3,7190082645
ED5-8;SK; 2009;8191;8874;683,0;4,0023439789
ED5-8;SK; 2010;8572;9580;1008,0;5,5531070956
ED5-8;SK; 2011;8807;9326;519,0;2,8621849666
ED5-8;SK; 2012;9619;10228;609,0;3,0684738248
ED5-8;SK; 2013;9024;9381;357,0;1,9396903015
ED5-8;SK; 2014;9318;10080;762,0;3,9282400247
ED5-8;SK; 2015;8735;9443;708,0;3,8948179118
ED5-8;SK; 2016;8847;9835;988,0;5,2885130072
ED5-8;SK; 2017;8931;9680;749,0;4,0245016388
ED5-8;SK; 2018;9183;9724;541,0;2,8613740943
ED5-8;SK; 2019;-1;-1;0,0;-0,0
